-- phpMyAdmin SQL Dump
-- version 3.4.11.1
-- http://www.phpmyadmin.net
--
-- Host: localhost
-- Generation Time: Oct 23, 2013 at 02:06 AM
-- Server version: 5.5.34
-- PHP Version: 5.2.17

SET SQL_MODE="NO_AUTO_VALUE_ON_ZERO";
SET time_zone = "+00:00";


/*!40101 SET @OLD_CHARACTER_SET_CLIENT=@@CHARACTER_SET_CLIENT */;
/*!40101 SET @OLD_CHARACTER_SET_RESULTS=@@CHARACTER_SET_RESULTS */;
/*!40101 SET @OLD_COLLATION_CONNECTION=@@COLLATION_CONNECTION */;
/*!40101 SET NAMES utf8 */;

--
-- Database: `bluepego_liturgy`
--

-- --------------------------------------------------------

--
-- Table structure for table `COMPOSERLISTS`
--

DROP TABLE IF EXISTS `COMPOSERLISTS`;
CREATE TABLE IF NOT EXISTS `COMPOSERLISTS` (
  `songid` smallint(6) NOT NULL DEFAULT '0',
  `composerid` smallint(6) NOT NULL DEFAULT '0',
  KEY `songid` (`songid`,`composerid`)
) ENGINE=MyISAM DEFAULT CHARSET=utf8;

--
-- Dumping data for table `COMPOSERLISTS`
--

INSERT INTO `COMPOSERLISTS` (`songid`, `composerid`) VALUES
(1, 1),
(2, 12),
(2, 13),
(2, 14),
(3, 15),
(3, 16),
(4, 3),
(5, 17),
(6, 16),
(7, 18),
(7, 19),
(8, 20),
(9, 20),
(10, 20),
(11, 20),
(12, 119),
(13, 6),
(14, 11),
(15, 3),
(16, 25),
(17, 21),
(18, 1),
(19, 22),
(20, 23),
(21, 4),
(21, 24),
(22, 16),
(23, 26),
(24, 27),
(25, 28),
(26, 5),
(27, 29),
(27, 30),
(28, 31),
(29, 11),
(30, 32),
(30, 33),
(30, 34),
(31, 35),
(32, 36),
(32, 37),
(32, 38),
(33, 5),
(34, 5),
(34, 20),
(35, 3),
(35, 10),
(36, 3),
(36, 10),
(37, 3),
(37, 10),
(38, 3),
(38, 10),
(39, 3),
(39, 10),
(40, 39),
(41, 40),
(42, 41),
(43, 42),
(43, 43),
(43, 44),
(44, 45),
(45, 46),
(46, 47),
(47, 48),
(48, 49),
(49, 50),
(50, 51),
(51, 52),
(51, 53),
(51, 54),
(52, 20),
(53, 50),
(54, 55),
(54, 56),
(55, 57),
(56, 3),
(57, 29),
(58, 58),
(59, 3),
(60, 5),
(61, 59),
(62, 60),
(62, 61),
(63, 62),
(64, 5),
(64, 20),
(65, 63),
(66, 18),
(67, 64),
(70, 4),
(71, 41),
(72, 30),
(72, 65),
(72, 66),
(73, 8),
(74, 60),
(75, 67),
(76, 16),
(77, 10),
(78, 68),
(79, 5),
(80, 64),
(81, 60),
(82, 60),
(83, 23),
(84, 69),
(85, 3),
(86, 3),
(87, 3),
(88, 3),
(89, 3),
(90, 70),
(91, 5),
(92, 71),
(93, 16),
(94, 72),
(94, 73),
(95, 25),
(96, 74),
(97, 20),
(98, 75),
(99, 3),
(99, 78),
(100, 76),
(100, 77),
(100, 78),
(101, 3),
(102, 5),
(103, 74),
(104, 79),
(105, 80),
(105, 81),
(106, 20),
(108, 9),
(110, 3),
(111, 16),
(112, 82),
(113, 83),
(114, 5),
(115, 3),
(116, 16),
(117, 84),
(118, 22),
(119, 5),
(120, 85),
(122, 16),
(123, 25),
(124, 86),
(124, 87),
(125, 41),
(126, 4),
(127, 88),
(128, 7),
(129, 20),
(130, 2),
(131, 4),
(132, 89),
(133, 4),
(134, 90),
(138, 98),
(139, 91),
(140, 50),
(141, 92),
(142, 20),
(143, 85),
(144, 25),
(145, 16),
(146, 71),
(147, 3),
(148, 8),
(149, 23),
(150, 20),
(151, 93),
(152, 94),
(153, 20),
(154, 23),
(156, 5),
(157, 16),
(158, 95),
(159, 16),
(160, 5),
(162, 23),
(163, 20),
(165, 1),
(166, 20),
(167, 96),
(168, 20),
(169, 86),
(169, 87),
(171, 88),
(172, 3),
(173, 5),
(175, 23),
(176, 70),
(177, 3),
(178, 58),
(179, 50),
(180, 68),
(181, 97),
(184, 6),
(185, 5),
(190, 18),
(191, 99),
(194, 100),
(195, 16),
(196, 25),
(197, 7),
(198, 23),
(199, 101),
(200, 102),
(201, 58),
(202, 96),
(204, 60),
(205, 60),
(206, 103),
(207, 103),
(208, 16),
(209, 11),
(210, 11),
(211, 1),
(212, 9),
(213, 96),
(215, 23),
(216, 41),
(217, 104),
(217, 105),
(218, 96),
(219, 19),
(219, 106),
(220, 107),
(220, 108),
(228, 63),
(229, 16),
(230, 5),
(231, 1),
(234, 16),
(235, 109),
(237, 57),
(238, 5),
(239, 3),
(239, 110),
(240, 5),
(241, 5),
(242, 54),
(243, 111),
(243, 112),
(243, 113),
(246, 3),
(247, 58),
(255, 3),
(255, 10),
(256, 64),
(262, 10),
(263, 4),
(264, 83),
(271, 5),
(272, 114),
(274, 6),
(275, 115),
(278, 20),
(279, 116),
(280, 117),
(280, 118),
(283, 142),
(284, 10),
(285, 21),
(287, 142),
(289, 5),
(290, 139),
(292, 6),
(293, 6),
(294, 6),
(295, 6),
(296, 6),
(297, 6),
(298, 5),
(300, 120),
(301, 121),
(302, 74),
(303, 122),
(304, 5),
(305, 123),
(306, 7),
(312, 5),
(313, 5),
(314, 5),
(315, 5),
(317, 5),
(321, 124),
(322, 121),
(324, 3),
(327, 96),
(328, 86),
(331, 18),
(332, 28),
(333, 8),
(337, 6),
(340, 3),
(340, 10),
(342, 126),
(344, 125),
(348, 6),
(349, 6),
(349, 20),
(350, 96),
(351, 25),
(361, 60),
(362, 98),
(363, 5),
(368, 86),
(369, 86),
(370, 86),
(371, 86),
(372, 86),
(373, 86),
(375, 1),
(376, 5),
(378, 9),
(379, 75),
(381, 130),
(382, 98),
(383, 60),
(384, 131),
(385, 132),
(386, 133),
(387, 16),
(388, 134),
(389, 135),
(390, 16),
(392, 25),
(393, 12),
(394, 136),
(397, 3),
(398, 60),
(399, 60),
(400, 60),
(401, 60),
(402, 60),
(403, 60),
(404, 60),
(405, 60),
(406, 60),
(407, 20),
(408, 25),
(409, 139),
(415, 9),
(417, 140),
(417, 141),
(421, 121),
(422, 140),
(422, 141),
(423, 9),
(423, 10),
(423, 78),
(424, 5),
(425, 5),
(426, 142),
(432, 5),
(436, 1),
(437, 6),
(439, 23),
(441, 143),
(441, 144),
(442, 58),
(445, 120),
(449, 142),
(453, 120),
(460, 2),
(460, 10),
(461, 143),
(462, 5),
(463, 57),
(464, 145),
(465, 5),
(468, 96),
(469, 146),
(470, 71),
(472, 1),
(473, 5),
(474, 145),
(474, 147),
(476, 3),
(477, 148),
(478, 120),
(478, 142),
(479, 5),
(481, 5),
(483, 145),
(484, 145),
(486, 149),
(486, 150),
(487, 142),
(489, 120),
(490, 3),
(502, 142),
(504, 121),
(505, 121),
(506, 5),
(507, 23),
(509, 140),
(509, 141),
(514, 142),
(515, 2),
(516, 4),
(517, 5),
(518, 20),
(521, 71),
(522, 86),
(523, 105),
(524, 18),
(525, 86),
(525, 87),
(528, 140),
(531, 121),
(532, 121),
(533, 151),
(534, 139),
(535, 142);

-- --------------------------------------------------------

--
-- Table structure for table `COMPOSERS`
--

DROP TABLE IF EXISTS `COMPOSERS`;
CREATE TABLE IF NOT EXISTS `COMPOSERS` (
  `id` smallint(5) unsigned NOT NULL AUTO_INCREMENT,
  `firstname` varchar(25) DEFAULT NULL,
  `middlename` varchar(25) DEFAULT NULL,
  `lastname` varchar(25) DEFAULT NULL,
  `picturelink` varchar(50) DEFAULT NULL,
  PRIMARY KEY (`id`),
  FULLTEXT KEY `lastname` (`lastname`,`firstname`,`middlename`)
) ENGINE=MyISAM  DEFAULT CHARSET=utf8 AUTO_INCREMENT=152 ;

--
-- Dumping data for table `COMPOSERS`
--

INSERT INTO `COMPOSERS` (`id`, `firstname`, `middlename`, `lastname`, `picturelink`) VALUES
(1, 'Bernadette', '', 'Farrell', '/images/b.farrell.jpg'),
(2, 'Bobby', '', 'Fisher', '/images/b.fisher.jpg'),
(3, 'Bob', '', 'Hurd', '/images/b.hurd.jpg'),
(4, 'Christopher', '', 'Walker', '/images/c.walker.jpg'),
(5, 'David', '', 'Haas', '/images/d.haas.jpg'),
(6, 'Dan', '', 'Schutte', '/images/d.schutte.jpg'),
(7, 'Jamie', '', 'Cortez', '/images/j.cortez.jpg'),
(8, 'John', '', 'Foley', '/images/j.foley.jpg'),
(9, 'Jesse', '', 'Manibusan', '/images/j.manibusan.jpg'),
(10, 'Ken', '', 'Canedo', '/images/k.canedo.jpg'),
(11, 'M', 'D', 'Ridge', '/images/m.d.ridge.jpg'),
(12, 'Manoling', '', 'Francisco', '/images/m.francisco.jpg'),
(13, 'Martin', '', 'Quiazon', '/images/no.portrait.gif'),
(14, 'Victor', '', 'Baltazar', '/images/no.portrait.gif'),
(15, '', '', 'Hyfrydol', '/images/no.portrait.gif'),
(16, 'Gregory', 'Dale', 'Schultz', '/images/g.schultz.jpg'),
(17, '', '', 'Latin Chant', '/images/no.portrait.gif'),
(18, '', '', 'Phanxicô', '/images/phanxico.jpg'),
(19, 'Rufino', '', 'Zaragoza', '/images/r.zaragoza.jpg'),
(20, 'Marty', '', 'Haugen', '/images/m.haugen.jpg'),
(21, 'Dominic', NULL, 'MacAller', '/images/no.portrait.gif'),
(22, 'Michael', NULL, 'Joncas', '/images/m.joncas.jpg'),
(23, 'Jacques', NULL, 'Berthier', '/images/no.portrait.gif'),
(24, 'Ernest', NULL, 'Sands', '/images/no.portrait.gif'),
(25, NULL, NULL, 'Thành Tâm', '/images/t.tam.jpg'),
(26, 'Vũ', NULL, 'Hoàng', '/images/no.portrait.gif'),
(27, 'Owen', NULL, 'Alstott', '/images/o.alstott.jpg'),
(28, 'Carey', NULL, 'Landry', '/images/c.landry.jpg'),
(29, NULL, NULL, 'Traditional', '/images/no.portrait.gif'),
(30, 'Randall', NULL, 'DeBruyn', '/images/r.debruyn.jpg'),
(31, NULL, NULL, 'Duy Tân', '/images/no.portrait.gif'),
(32, 'Mark', NULL, 'Lowry', '/images/m.lowry.jpg'),
(33, 'Buddy', NULL, 'Greene', '/images/b.greene.jpg'),
(34, 'Noreen', 'Schultz', 'McElroy', '/images/no.portrait.gif'),
(35, 'Donna', 'Marie', 'McGargill', '/images/no.portrait.gif'),
(36, 'John', 'Francis', 'Wade', '/images/no.portrait.gif'),
(37, 'Federick', NULL, 'Oakeley', '/images/f.oakeley.jpg'),
(38, 'William', 'Thomas', 'Brooke', '/images/no.portrait.gif'),
(39, 'William', 'Chatterton', 'Dix', '/images/w.dix.jpg'),
(40, 'James', 'Ramsey', 'Murray', '/images/j.murray.jpg'),
(41, 'John', NULL, 'Rutter', '/images/j.rutter.jpg'),
(42, 'Franz', 'Xaver', 'Gruber', '/images/f.gruber.jpg'),
(43, 'Josef', NULL, 'Mohr', '/images/j.mohr.jpg'),
(44, 'John', 'Freeman', 'Young', '/images/no.portrait.gif'),
(45, 'James', NULL, 'Chadwick', '/images/j.chadwick.jpg'),
(46, 'Dan', NULL, 'Kantor', '/images/d.kantor.jpg'),
(47, 'Franz', NULL, 'Schubert', '/images/f.schubert.jpg'),
(48, NULL, NULL, 'Hải Linh', '/images/h.linh.jpg'),
(49, 'John', 'Henry', 'Hopkins Jr.', '/images/j.hopkins.jpg'),
(50, 'Rory', NULL, 'Cooney', '/images/r.cooney.jpg'),
(51, NULL, NULL, 'Hoài Đức', '/images/no.portrait.gif'),
(52, 'Charles', NULL, 'Wesley', '/images/c.wesley.jpg'),
(53, 'William', 'H', 'Cum­mings', '/images/w.cummings.jpg'),
(54, 'Felix', NULL, 'Mendelssohn', '/images/f.mendelssohn.gif'),
(55, NULL, NULL, 'KELVINGROVE', '/images/no.portrait.gif'),
(56, 'John', 'L', 'Bell', '/images/no.portrait.gif'),
(57, 'Duy', NULL, 'Nguyễn', '/images/n.duy.jpg'),
(58, NULL, NULL, 'Kim Long', '/images/k.long.jpg'),
(59, 'Bernard', NULL, 'Huijbers', '/images/b.huijbers.jpg'),
(60, 'Bob', NULL, 'Dufford', '/images/b.dufford.jpg'),
(61, 'Don', NULL, 'Turney', '/images/no.portrait.gif'),
(62, NULL, NULL, 'Lan Thanh', '/images/no.portrait.gif'),
(63, NULL, NULL, 'Duy Thiên', '/images/d.thien.jpg'),
(64, 'Scott', NULL, 'Soper', '/images/s.soper.jpg'),
(65, NULL, NULL, 'Lasst Uns Erfreuen', '/images/no.portrait.gif'),
(66, NULL, NULL, 'Draper', '/images/no.portrait.gif'),
(67, 'Thắng', NULL, 'Nguyễn', '/images/no.portrait.gif'),
(68, NULL, NULL, 'Mi Trầm', '/images/m.tram.jpg'),
(69, 'John', NULL, 'Newton', '/images/j.newton.jpg'),
(70, 'Laurence', NULL, 'Rosania', '/images/no.portrait.gif'),
(71, 'Rick', NULL, 'Manalo', '/images/r.manalo.jpg'),
(72, NULL, NULL, 'Weston Priory', '/images/weston.priory.jpg'),
(73, 'Gregory', NULL, 'Norbet', '/images/g.norbet.jpg'),
(74, 'John', 'D', 'Becker', '/images/j.becker.jpg'),
(75, NULL, NULL, 'Đỗ Vy Hạ', '/images/do.vy.ha.jpg'),
(76, NULL, NULL, 'ST. ROSE', '/images/no.portrait.gif'),
(77, 'Laura', NULL, 'Wasson', '/images/no.portrait.gif'),
(78, 'Craig', 'S', 'Kingsbury', '/images/no.portrait.gif'),
(79, 'Hiền', 'Quang', 'Nguyễn', '/images/no.portrait.gif'),
(80, 'Nhu', 'Đình', 'Nhu', '/images/no.portrait.gif'),
(81, 'Tuần', 'Khắc', 'Tuần', '/images/no.portrait.gif'),
(82, 'Paul', NULL, 'Prochaska', '/images/no.portrait.gif'),
(83, 'Tom', NULL, 'Conry', '/images/t.conry.jpg'),
(84, 'Tiến', 'Sỹ', 'Trần', '/images/no.portrait.gif'),
(85, 'Twila', NULL, 'Paris', '/images/t.paris.jpg'),
(88, 'Paul', NULL, 'Inwood', '/images/no.portrait.gif'),
(86, 'Steve', NULL, 'Angrisano', '/images/s.angrisano.jpg'),
(87, 'Tom', NULL, 'Tomaszek', '/images/t.tomaszek.jpg'),
(89, NULL, NULL, 'Anh Linh', '/images/no.portrait.gif'),
(90, NULL, NULL, 'Easter Hymn', '/images/no.portrait.gif'),
(91, NULL, NULL, 'Diademata', '/images/no.portrait.gif'),
(92, NULL, NULL, 'Xuân Tưởng', '/images/no.portrait.gif'),
(93, 'Francisco', 'Gómez', 'Arguello', '/images/no.portrait.gif'),
(94, NULL, NULL, 'Dao Kim', '/images/no.portrait.gif'),
(95, NULL, NULL, 'Văn Chi', '/images/no.portrait.gif'),
(96, 'Janèt', 'Sullivan', 'Whitaker', '/images/j.whitaker.jpg'),
(97, 'Tim', NULL, 'Manion', '/images/t.manion.jpg'),
(98, 'Roc', NULL, 'O''Connor', '/images/r.oconnor.jpg'),
(99, 'Suzanne', NULL, 'Toolan', '/images/s.toolan.jpg'),
(100, 'Kevin', NULL, 'Keil', '/images/k.keil.jpg'),
(101, 'Jeffery', NULL, 'Roscoe', '/images/no.portrait.gif'),
(102, 'Sebastian', NULL, 'Temple', '/images/no.portrait.gif'),
(103, 'Văn Chi', NULL, NULL, '/images/v.chi.jpg'),
(104, 'Mark', NULL, 'Friedman', '/images/m.friedman.jpg'),
(105, 'Janet', NULL, 'Vogt', '/images/j.vogt.jpg'),
(106, 'Dao Kim', NULL, NULL, '/images/no.portrait.gif'),
(107, 'Phillips', NULL, 'Brooks', '/images/p.brooks.jpg'),
(108, 'Lewis', 'H', 'Redner', '/images/l.redner.jpg'),
(109, NULL, NULL, 'Oanh Sông Lam', '/images/o.lam.jpg'),
(110, NULL, NULL, 'KINGSFOLD', '/images/no.portrait.gif'),
(111, 'Sydney', 'H', 'Nicholson', '/images/s.nicholson.jpg'),
(112, 'George', 'W', 'Kitchin', '/images/g.kitchin.jpg'),
(113, 'Michael', 'R', 'Newbolt', '/images/no.portrait.gif'),
(114, NULL, NULL, 'Khoa Tâm', '/images/no.portrait.gif'),
(115, 'Anh Linh', NULL, NULL, '/images/no.portrait.gif'),
(116, NULL, NULL, 'FINLANDIA', '/images/no.portrait.gif'),
(117, 'Sy', NULL, 'Miller', '/images/no.portrait.gif'),
(118, 'Jill', NULL, 'Jackson', '/images/no.portrait.gif'),
(119, 'Anne', NULL, 'Quigley', '/images/a.quigley.jpg'),
(120, 'Tom', NULL, 'Booth', '/images/t.booth.jpg'),
(121, 'Timothy', 'R', 'Smith', '/images/t.smith.jpg'),
(122, 'Jeremy', NULL, 'Camp', '/images/j.camp.jpg'),
(123, 'Richard', NULL, 'Smith', '/images/no.portrait.gif'),
(124, 'Chris', NULL, 'Muglia', '/images/c.muglia.jpg'),
(125, 'Rick', NULL, 'Modlin', '/images/r.modlin.jpg'),
(126, 'Zack', NULL, 'Stachowski', '/images/no.portrait.gif'),
(127, 'Rick', NULL, 'Founds', NULL),
(128, 'Thành', NULL, 'Tâm', NULL),
(129, 'Vinh', NULL, 'Hanh', NULL),
(130, 'Karen', NULL, 'Lafferty', '/images/no.portrait.gif'),
(131, 'Vince', NULL, 'Nims', '/images/v.nims.jpg'),
(132, 'Hoàng Nam', NULL, NULL, '/images/no.portrait.gif'),
(133, 'Beth', NULL, 'Redman', '/images/b.redman.jpg'),
(134, 'scot', NULL, 'crandal', '/images/s.crandal.jpg'),
(135, 'Paul', NULL, 'Baloche', '/images/p.baloche.jpg'),
(136, 'Matt', NULL, 'Redman', '/images/m.redman.jpg'),
(137, 'Huyền Linh', NULL, NULL, '/images/no.portrait.gif'),
(138, 'Andréa', NULL, 'Crouch', '/images/no.portrait.gif'),
(139, 'Curtis', NULL, 'Stephan', '/images/c.stephan.jpg'),
(140, 'Craig', NULL, 'Colson', '/images/c.colson.jpg'),
(141, 'Kristen', NULL, 'Colson', '/images/c.colson.jpg'),
(142, 'Matt', NULL, 'Maher', '/images/m.maher.jpg'),
(143, 'Sarah', NULL, 'Hart', '/images/s.hart.jpg'),
(144, 'Dwight', NULL, 'Liles', '/images/d.liles.jpg'),
(145, 'Tom', NULL, 'Kendzia', '/images/t.kendzia.jpg'),
(146, 'Hoàng', 'Huy', 'Cao', '/images/no.portrait.gif'),
(147, 'Gary', NULL, 'Daigle', '/images/g.daigle.jpg'),
(148, 'Kathryn', NULL, 'Scott', '/images/k.scott.jpg'),
(149, 'Huyến', 'Đức', 'Phạm', '/images/no.portrait.gif'),
(150, 'Ân', 'Đình', 'Vũ', '/images/no.portrait.gif'),
(151, 'Danielle', NULL, 'Rose', '/images/d.rose.jpg');

-- --------------------------------------------------------

--
-- Table structure for table `LITURGIES`
--

DROP TABLE IF EXISTS `LITURGIES`;
CREATE TABLE IF NOT EXISTS `LITURGIES` (
  `id` mediumint(9) NOT NULL AUTO_INCREMENT,
  `template` smallint(6) NOT NULL DEFAULT '0',
  `title` varchar(60) NOT NULL DEFAULT '',
  `date` date NOT NULL DEFAULT '0000-00-00',
  `prelude` smallint(6) DEFAULT '-1',
  `preludeperc` tinyint(4) DEFAULT '-1',
  `preludenote` smallint(6) DEFAULT '-1',
  `preludesingers` smallint(6) DEFAULT '-1',
  `preludepianist` smallint(6) DEFAULT '-1',
  `preludeconductor` smallint(6) DEFAULT '-1',
  `processional` smallint(6) DEFAULT '-1',
  `processionalperc` tinyint(4) DEFAULT '-1',
  `processionalnote` smallint(6) DEFAULT '-1',
  `processionalsingers` smallint(6) DEFAULT '-1',
  `processionalpianist` smallint(6) DEFAULT '-1',
  `processionalconductor` smallint(6) DEFAULT '-1',
  `kyrie` smallint(6) DEFAULT '-1',
  `kyrieperc` tinyint(4) DEFAULT '-1',
  `kyrienote` smallint(6) DEFAULT '-1',
  `kyriesingers` smallint(6) DEFAULT '-1',
  `kyriepianist` smallint(6) DEFAULT '-1',
  `kyrieconductor` smallint(6) DEFAULT '-1',
  `gloria` smallint(6) DEFAULT '-1',
  `gloriaperc` tinyint(4) DEFAULT '-1',
  `glorianote` smallint(6) DEFAULT '-1',
  `gloriasingers` smallint(6) DEFAULT '-1',
  `gloriapianist` smallint(6) DEFAULT '-1',
  `gloriaconductor` smallint(6) DEFAULT '-1',
  `responsorial` smallint(6) DEFAULT '-1',
  `responsorialperc` tinyint(4) DEFAULT '-1',
  `responsorialnote` smallint(6) DEFAULT '-1',
  `responsorialsingers` smallint(6) DEFAULT '-1',
  `responsorialpianist` smallint(6) DEFAULT '-1',
  `responsorialconductor` smallint(6) DEFAULT '-1',
  `gospelAccl` smallint(6) DEFAULT '-1',
  `gospelAcclperc` tinyint(4) DEFAULT '-1',
  `gospelAcclnote` smallint(6) DEFAULT '-1',
  `gospelAcclsingers` smallint(6) DEFAULT '-1',
  `gospelAcclpianist` smallint(6) DEFAULT '-1',
  `gospelAcclconductor` smallint(6) DEFAULT '-1',
  `intercessional` smallint(6) DEFAULT '-1',
  `intercessionalperc` tinyint(4) DEFAULT '-1',
  `intercessionalnote` smallint(6) DEFAULT '-1',
  `intercessionalsingers` smallint(6) DEFAULT '-1',
  `intercessionalpianist` smallint(6) DEFAULT '-1',
  `intercessionalconductor` smallint(6) DEFAULT '-1',
  `offertory` smallint(6) DEFAULT '-1',
  `offertoryperc` tinyint(4) DEFAULT '-1',
  `offertorynote` smallint(6) DEFAULT '-1',
  `offertorysingers` smallint(6) DEFAULT '-1',
  `offertorypianist` smallint(6) DEFAULT '-1',
  `offertoryconductor` smallint(6) DEFAULT '-1',
  `holy` smallint(6) DEFAULT '-1',
  `holyperc` tinyint(4) DEFAULT '-1',
  `holynote` smallint(6) DEFAULT '-1',
  `holysingers` smallint(6) DEFAULT '-1',
  `holypianist` smallint(6) DEFAULT '-1',
  `holyconductor` smallint(6) DEFAULT '-1',
  `memorialAccl` smallint(6) DEFAULT '-1',
  `memorialAcclperc` tinyint(4) DEFAULT '-1',
  `memorialAcclnote` smallint(6) DEFAULT '-1',
  `memorialAcclsingers` smallint(6) DEFAULT '-1',
  `memorialAcclpianist` smallint(6) DEFAULT '-1',
  `memorialAcclconductor` smallint(6) DEFAULT '-1',
  `amen` smallint(6) DEFAULT '-1',
  `amenperc` tinyint(4) DEFAULT '-1',
  `amennote` smallint(6) DEFAULT '-1',
  `amensingers` smallint(6) DEFAULT '-1',
  `amenpianist` smallint(6) DEFAULT '-1',
  `amenconductor` smallint(6) DEFAULT '-1',
  `lamb` smallint(6) DEFAULT '-1',
  `lambperc` tinyint(4) DEFAULT '-1',
  `lambnote` smallint(6) DEFAULT '-1',
  `lambsingers` smallint(6) DEFAULT '-1',
  `lambpianist` smallint(6) DEFAULT '-1',
  `lambconductor` smallint(6) DEFAULT '-1',
  `communion` smallint(6) DEFAULT '-1',
  `communionperc` tinyint(4) DEFAULT '-1',
  `communionnote` smallint(6) DEFAULT '-1',
  `communionsingers` smallint(6) DEFAULT '-1',
  `communionpianist` smallint(6) DEFAULT '-1',
  `communionconductor` smallint(6) DEFAULT '-1',
  `praise` smallint(6) DEFAULT '-1',
  `praiseperc` tinyint(4) DEFAULT '-1',
  `praisenote` smallint(6) DEFAULT '-1',
  `praisesingers` smallint(6) DEFAULT '-1',
  `praisepianist` smallint(6) DEFAULT '-1',
  `praiseconductor` smallint(6) DEFAULT '-1',
  `recessional` smallint(6) DEFAULT '-1',
  `recessionalperc` tinyint(4) DEFAULT '-1',
  `recessionalnote` smallint(6) DEFAULT '-1',
  `recessionalsingers` smallint(6) DEFAULT '-1',
  `recessionalpianist` smallint(6) DEFAULT '-1',
  `recessionalconductor` smallint(6) DEFAULT '-1',
  PRIMARY KEY (`id`)
) ENGINE=MyISAM  DEFAULT CHARSET=utf8 AUTO_INCREMENT=206 ;

--
-- Dumping data for table `LITURGIES`
--

INSERT INTO `LITURGIES` (`id`, `template`, `title`, `date`, `prelude`, `preludeperc`, `preludenote`, `preludesingers`, `preludepianist`, `preludeconductor`, `processional`, `processionalperc`, `processionalnote`, `processionalsingers`, `processionalpianist`, `processionalconductor`, `kyrie`, `kyrieperc`, `kyrienote`, `kyriesingers`, `kyriepianist`, `kyrieconductor`, `gloria`, `gloriaperc`, `glorianote`, `gloriasingers`, `gloriapianist`, `gloriaconductor`, `responsorial`, `responsorialperc`, `responsorialnote`, `responsorialsingers`, `responsorialpianist`, `responsorialconductor`, `gospelAccl`, `gospelAcclperc`, `gospelAcclnote`, `gospelAcclsingers`, `gospelAcclpianist`, `gospelAcclconductor`, `intercessional`, `intercessionalperc`, `intercessionalnote`, `intercessionalsingers`, `intercessionalpianist`, `intercessionalconductor`, `offertory`, `offertoryperc`, `offertorynote`, `offertorysingers`, `offertorypianist`, `offertoryconductor`, `holy`, `holyperc`, `holynote`, `holysingers`, `holypianist`, `holyconductor`, `memorialAccl`, `memorialAcclperc`, `memorialAcclnote`, `memorialAcclsingers`, `memorialAcclpianist`, `memorialAcclconductor`, `amen`, `amenperc`, `amennote`, `amensingers`, `amenpianist`, `amenconductor`, `lamb`, `lambperc`, `lambnote`, `lambsingers`, `lambpianist`, `lambconductor`, `communion`, `communionperc`, `communionnote`, `communionsingers`, `communionpianist`, `communionconductor`, `praise`, `praiseperc`, `praisenote`, `praisesingers`, `praisepianist`, `praiseconductor`, `recessional`, `recessionalperc`, `recessionalnote`, `recessionalsingers`, `recessionalpianist`, `recessionalconductor`) VALUES
(1, 1, 'First Sunday of Advent', '2005-11-27', -1, -1, -1, -1, -1, -1, 5, -1, -1, -1, -1, -1, -1, -1, -1, -1, -1, -1, -1, -1, -1, -1, -1, -1, 15, -1, -1, 1, -1, -1, 2, -1, -1, -1, -1, -1, 6, -1, -1, -1, -1, -1, 7, -1, -1, -1, -1, -1, 8, -1, -1, -1, 21, -1, 9, -1, -1, -1, 22, -1, 10, -1, -1, -1, 23, -1, 11, -1, -1, -1, 24, -1, 12, -1, -1, -1, -1, -1, 13, -1, -1, -1, -1, -1, 14, -1, -1, -1, 25, -1),
(2, 1, 'Second Sunday of Advent', '2005-12-04', -1, -1, -1, -1, -1, -1, 16, -1, -1, -1, 10, -1, 22, -1, -1, -1, -1, -1, -1, -1, -1, -1, -1, -1, 17, -1, -1, 13, 11, -1, 2, -1, -1, -1, 2, -1, 6, -1, -1, -1, 3, -1, 18, -1, -1, -1, -1, -1, 8, -1, -1, -1, 4, -1, 9, -1, -1, -1, 5, -1, 10, -1, -1, -1, 6, -1, 11, -1, -1, -1, 7, -1, 19, -1, -1, -1, 12, -1, 20, -1, -1, -1, 8, -1, 21, -1, -1, -1, 9, -1),
(3, 1, 'Third Sunday of Advent', '2005-12-11', -1, -1, -1, -1, -1, -1, 23, -1, -1, -1, -1, -1, 22, -1, -1, -1, -1, -1, -1, -1, -1, -1, -1, -1, 24, -1, 34, 35, -1, -1, 2, -1, -1, -1, -1, -1, 6, -1, -1, -1, 14, -1, 25, -1, -1, -1, -1, -1, 8, 1, -1, -1, 15, -1, 9, 1, -1, -1, 16, -1, 10, 1, -1, -1, 17, -1, 11, -1, -1, -1, 18, -1, 1, -1, -1, -1, -1, -1, 26, -1, -1, -1, 19, -1, 27, 1, -1, -1, 20, -1),
(4, 0, 'Fourth Sunday of Advent', '2005-12-18', -1, -1, -1, -1, -1, -1, 28, 1, -1, -1, 26, -1, 22, -1, -1, -1, -1, -1, -1, -1, -1, -1, -1, -1, 29, 1, -1, 39, 27, -1, 2, -1, -1, -1, -1, -1, 6, -1, -1, -1, -1, -1, 30, -1, 38, -1, 28, -1, 8, 1, -1, -1, 29, -1, 9, 1, -1, -1, 30, -1, 10, 1, -1, -1, 31, -1, 11, -1, -1, -1, 32, -1, 31, -1, -1, -1, -1, -1, -1, -1, -1, -1, -1, -1, 27, 1, -1, -1, 33, -1),
(5, 0, 'Nativity of the Lord: Day Liturgy', '2005-12-25', -1, -1, -1, -1, -1, -1, 32, 1, -1, -1, -1, -1, -1, -1, -1, -1, -1, -1, 33, 1, -1, -1, -1, -1, 34, -1, -1, -1, -1, -1, 35, 1, -1, -1, -1, -1, 6, -1, 40, -1, -1, -1, 40, -1, -1, -1, -1, -1, 36, -1, -1, -1, -1, -1, 37, -1, -1, -1, -1, -1, 38, -1, -1, -1, -1, -1, 39, -1, -1, -1, -1, -1, 41, -1, -1, -1, -1, -1, 42, -1, -1, -1, -1, -1, 43, -1, -1, -1, -1, -1),
(6, 1, 'Mary, Mother of God', '2006-01-01', -1, -1, -1, -1, -1, -1, 44, 1, -1, -1, -1, -1, -1, -1, -1, -1, -1, -1, 33, 1, -1, -1, -1, -1, 34, -1, -1, -1, -1, -1, 35, 1, -1, -1, -1, -1, 6, -1, -1, -1, -1, -1, 25, -1, -1, -1, -1, -1, 36, -1, -1, -1, -1, -1, 37, -1, -1, -1, -1, -1, 38, -1, -1, -1, -1, -1, 39, -1, -1, -1, -1, -1, 45, -1, -1, -1, -1, -1, 46, -1, -1, -1, -1, -1, 47, 1, -1, -1, -1, -1),
(7, 0, 'Epiphany', '2006-01-08', -1, -1, -1, -1, -1, -1, 48, 1, -1, -1, -1, -1, -1, -1, -1, -1, -1, -1, 33, 1, -1, -1, -1, -1, 49, -1, -1, -1, -1, -1, 35, -1, -1, -1, -1, -1, 6, -1, -1, -1, -1, -1, 40, -1, -1, -1, -1, -1, 36, -1, -1, -1, -1, -1, 37, -1, -1, -1, -1, -1, 38, -1, -1, -1, -1, -1, 39, -1, -1, -1, -1, -1, 50, -1, -1, -1, -1, -1, 42, -1, -1, -1, 41, -1, 51, 1, -1, -1, -1, -1),
(8, 0, 'Second Sunday In Ordinary Time', '2006-01-15', -1, -1, -1, -1, -1, -1, 52, 1, -1, -1, -1, -1, -1, -1, -1, -1, -1, -1, 33, -1, -1, -1, -1, -1, 53, -1, -1, 61, -1, -1, 35, -1, -1, -1, -1, -1, 6, -1, -1, -1, -1, -1, 54, 1, -1, -1, -1, -1, 36, -1, -1, -1, -1, -1, 37, -1, -1, -1, -1, -1, 38, -1, -1, -1, -1, -1, 39, -1, -1, -1, -1, -1, 55, -1, -1, -1, -1, -1, 56, -1, -1, -1, -1, -1, 57, 1, 42, -1, -1, -1),
(9, 0, 'Third Sunday Ordinary Time', '2005-01-22', -1, -1, -1, -1, -1, -1, 58, 1, 44, -1, -1, -1, -1, -1, -1, -1, -1, -1, 33, 1, -1, -1, -1, -1, 15, -1, -1, 60, -1, -1, 35, -1, -1, -1, -1, -1, 6, -1, -1, -1, -1, -1, 59, -1, 45, -1, -1, -1, 36, -1, -1, -1, -1, -1, 37, -1, -1, -1, -1, -1, 38, -1, -1, -1, -1, -1, 39, -1, -1, -1, -1, -1, 60, -1, -1, -1, -1, -1, 61, -1, -1, -1, -1, -1, 62, 1, 46, -1, 43, -1),
(10, 1, 'Fourth Sunday Ordinary Time - Tết', '2006-01-29', -1, -1, -1, -1, -1, -1, 63, 1, -1, -1, -1, -1, -1, -1, -1, -1, -1, -1, 33, 1, -1, -1, -1, -1, 64, -1, -1, 47, -1, -1, 35, -1, -1, -1, -1, -1, 6, -1, -1, -1, -1, -1, 7, -1, 48, -1, -1, -1, 36, -1, -1, -1, -1, -1, 37, -1, -1, -1, -1, -1, 38, -1, -1, -1, -1, -1, 39, -1, -1, -1, -1, -1, 65, -1, 54, -1, 59, -1, 66, -1, 50, -1, -1, -1, 67, 1, 49, -1, -1, -1),
(11, 0, 'Tết At St. Patrick Seminary', '2006-02-02', -1, -1, -1, -1, -1, -1, 63, 1, -1, -1, -1, -1, 68, -1, -1, -1, -1, -1, 69, -1, -1, -1, -1, -1, 34, -1, 51, 55, 56, -1, 70, 1, 52, -1, -1, -1, 6, -1, -1, -1, -1, -1, 59, 1, 53, -1, -1, -1, 36, -1, -1, -1, -1, -1, 37, -1, -1, -1, -1, -1, 38, -1, -1, -1, -1, -1, 39, -1, -1, -1, -1, -1, 65, 1, -1, -1, 57, -1, 71, -1, -1, -1, 58, -1, 72, 1, -1, -1, -1, -1),
(12, 0, 'Fifth Sunday in Ordinary Time', '2006-02-05', -1, -1, -1, -1, -1, -1, 4, 1, -1, -1, 72, -1, -1, -1, -1, -1, -1, -1, 33, 1, -1, -1, 62, -1, 73, -1, -1, 80, -1, -1, 35, -1, -1, -1, 63, -1, 6, -1, -1, -1, -1, -1, 74, -1, -1, -1, 73, -1, 36, -1, -1, -1, 64, -1, 37, -1, -1, -1, 65, -1, 38, -1, -1, -1, 66, -1, 39, -1, -1, -1, 67, -1, 75, -1, -1, -1, -1, -1, 76, -1, -1, -1, -1, -1, 14, 1, 69, -1, 68, -1),
(13, 0, 'Six Sunday In Ordinary Time - World Day of the Sick', '2006-02-12', -1, -1, -1, -1, -1, -1, 77, 1, 70, -1, -1, -1, -1, -1, -1, -1, -1, -1, 33, 1, 75, -1, -1, -1, 80, -1, -1, 79, -1, -1, 35, -1, -1, -1, -1, -1, 6, -1, -1, -1, -1, -1, 78, -1, -1, -1, -1, -1, 36, -1, -1, -1, -1, -1, 37, -1, -1, -1, -1, -1, 38, -1, -1, -1, -1, -1, 39, -1, -1, -1, -1, -1, 19, -1, -1, -1, -1, -1, 61, -1, -1, -1, -1, -1, 79, 1, 71, -1, -1, -1),
(14, 0, 'Seventh Sunday in Ordinary Time', '2006-02-19', -1, -1, -1, -1, -1, -1, 81, 1, 76, -1, -1, -1, -1, -1, -1, -1, -1, -1, 33, 1, -1, -1, -1, -1, 82, -1, -1, 95, -1, -1, 35, -1, -1, -1, -1, -1, 6, -1, -1, -1, -1, -1, 7, -1, 77, -1, -1, -1, 36, -1, -1, -1, -1, -1, 37, -1, -1, -1, -1, -1, 38, -1, -1, -1, -1, -1, 39, -1, -1, -1, -1, -1, 60, -1, -1, -1, -1, -1, 83, -1, -1, -1, -1, -1, 84, 1, 78, -1, -1, -1),
(15, 0, 'Eigth Sunday In Ordinary Time', '2006-02-26', -1, -1, -1, -1, -1, -1, 58, 1, -1, -1, -1, -1, -1, -1, -1, -1, -1, -1, 33, 1, -1, -1, -1, -1, 80, -1, -1, 94, -1, -1, 35, -1, -1, -1, -1, -1, 6, -1, -1, -1, -1, -1, 89, 1, 88, -1, -1, -1, 36, -1, -1, -1, -1, -1, 37, -1, -1, -1, -1, -1, 38, -1, -1, -1, -1, -1, 39, -1, -1, -1, -1, -1, 90, -1, 89, -1, -1, -1, 91, -1, 90, -1, 96, -1, 21, 1, 81, -1, -1, -1),
(16, 0, 'First Sunday of Lent', '2006-03-05', -1, -1, -1, -1, -1, -1, 92, 1, 91, -1, -1, -1, 22, -1, -1, -1, -1, -1, -1, -1, -1, -1, -1, -1, 15, -1, -1, 100, -1, -1, 93, -1, -1, -1, -1, -1, 6, -1, -1, -1, -1, -1, 59, 1, -1, -1, -1, -1, 85, -1, -1, -1, -1, -1, 86, -1, -1, -1, -1, -1, 87, -1, -1, -1, -1, -1, 88, -1, -1, -1, -1, -1, 94, -1, -1, -1, 92, -1, 13, -1, -1, -1, -1, -1, 96, 1, 93, -1, -1, -1),
(17, 0, 'Second Sunday of Lent', '2006-03-12', -1, -1, -1, -1, -1, -1, 92, 1, 98, -1, -1, -1, 22, -1, -1, -1, -1, -1, -1, -1, -1, -1, -1, -1, 97, -1, -1, 99, -1, -1, 93, 1, -1, -1, -1, -1, 101, -1, -1, -1, -1, -1, 98, -1, -1, -1, -1, -1, 85, -1, -1, -1, -1, -1, 86, -1, -1, -1, -1, -1, 87, -1, -1, -1, -1, -1, 88, -1, -1, -1, -1, -1, 99, -1, -1, -1, -1, -1, 100, -1, -1, -1, -1, -1, 19, 1, 97, -1, -1, -1),
(18, 0, 'Third Sunday of Lent', '2006-03-19', -1, -1, -1, -1, -1, -1, 4, 1, 102, -1, 103, -1, 22, -1, -1, -1, -1, -1, -1, -1, -1, -1, -1, -1, 102, -1, -1, 106, -1, -1, 93, 1, -1, -1, -1, -1, 101, -1, -1, -1, -1, -1, 103, -1, -1, -1, 104, -1, 85, -1, -1, -1, -1, -1, 86, -1, -1, -1, -1, -1, 87, -1, -1, -1, -1, -1, 88, -1, -1, -1, -1, -1, 104, -1, -1, -1, -1, -1, 91, -1, -1, -1, -1, -1, 105, 1, 101, -1, -1, -1),
(19, 0, 'Fourth Sunday of Lent', '2006-03-26', -1, -1, -1, -1, -1, -1, 92, 1, -1, -1, -1, -1, 22, -1, -1, -1, -1, -1, -1, -1, -1, -1, -1, -1, 97, -1, -1, -1, -1, -1, 93, -1, -1, -1, -1, -1, 101, -1, -1, -1, -1, -1, 107, -1, -1, -1, -1, -1, 85, -1, -1, -1, -1, -1, 86, -1, -1, -1, -1, -1, 87, -1, -1, -1, -1, -1, 88, -1, -1, -1, -1, -1, 94, -1, -1, -1, -1, -1, 108, -1, -1, -1, -1, -1, 109, 1, 105, -1, -1, -1),
(20, 0, 'Fifth Sunday of Lent', '2006-04-02', -1, -1, -1, -1, -1, -1, -1, -1, -1, -1, -1, -1, 22, -1, -1, -1, -1, -1, -1, -1, -1, -1, -1, -1, 110, -1, -1, -1, -1, -1, 93, -1, -1, -1, -1, -1, 101, -1, -1, -1, -1, -1, -1, -1, -1, -1, -1, -1, 85, -1, -1, -1, -1, -1, 86, -1, -1, -1, -1, -1, 87, -1, -1, -1, -1, -1, 88, -1, -1, -1, -1, -1, -1, -1, -1, -1, -1, -1, -1, -1, -1, -1, -1, -1, -1, -1, -1, -1, -1, -1),
(21, 0, 'Palm Sunday of the Passion', '2006-04-09', -1, -1, -1, -1, -1, -1, -1, -1, -1, -1, -1, -1, -1, -1, -1, -1, -1, -1, -1, -1, -1, -1, -1, -1, -1, -1, -1, -1, -1, -1, -1, -1, -1, -1, -1, -1, -1, -1, -1, -1, -1, -1, -1, -1, -1, -1, -1, -1, -1, -1, -1, -1, -1, -1, -1, -1, -1, -1, -1, -1, -1, -1, -1, -1, -1, -1, -1, -1, -1, -1, -1, -1, -1, -1, -1, -1, -1, -1, -1, -1, -1, -1, -1, -1, -1, -1, -1, -1, -1, -1),
(22, 0, 'Easter Sunday', '2006-04-16', -1, -1, -1, -1, -1, -1, 117, 1, -1, -1, 114, -1, -1, -1, -1, -1, -1, -1, 33, 1, -1, -1, 115, -1, 111, 1, -1, 111, 116, -1, 112, 1, 113, -1, 117, -1, 113, 1, -1, -1, 118, -1, 118, 1, -1, -1, 119, -1, 36, -1, -1, -1, 120, -1, 37, -1, -1, -1, 121, -1, 38, -1, -1, -1, 122, -1, 39, -1, -1, -1, 123, -1, 119, 1, -1, -1, 124, -1, 120, -1, -1, -1, 125, -1, 113, 1, 112, -1, 126, -1),
(23, 0, 'Second Sunday of Easter', '2006-04-23', -1, -1, -1, -1, -1, -1, 3, 1, -1, -1, -1, -1, -1, -1, -1, -1, -1, -1, 33, 1, -1, -1, -1, -1, 116, 1, 107, 127, -1, -1, 112, 1, 108, -1, -1, -1, 101, -1, -1, -1, -1, -1, 78, -1, -1, -1, -1, -1, 36, -1, -1, -1, -1, -1, 37, -1, -1, -1, -1, -1, 38, -1, -1, -1, -1, -1, 39, -1, -1, -1, -1, -1, 114, -1, -1, -1, -1, -1, 115, 1, -1, -1, -1, -1, 113, 1, 110, -1, -1, -1),
(24, 0, 'Third Sunday of Easter', '2006-04-30', -1, -1, -1, -1, -1, -1, 123, 1, 128, -1, -1, -1, -1, -1, -1, -1, -1, -1, 33, 1, -1, -1, -1, -1, 124, 1, -1, 131, -1, -1, 112, 1, -1, -1, -1, -1, 101, -1, -1, -1, -1, -1, 89, 1, -1, -1, -1, -1, 36, -1, -1, -1, -1, -1, 37, -1, -1, -1, -1, -1, 38, -1, -1, -1, -1, -1, 39, -1, -1, -1, -1, -1, 119, -1, -1, -1, -1, -1, 125, -1, -1, -1, -1, -1, 72, 1, -1, -1, -1, -1),
(25, 0, 'Fourth Sunday of Easter', '2006-05-07', -1, -1, -1, -1, -1, -1, 72, -1, -1, -1, -1, -1, -1, -1, -1, -1, -1, -1, 33, -1, -1, -1, -1, -1, 124, -1, -1, 132, -1, -1, 112, -1, -1, -1, -1, -1, 101, -1, -1, -1, -1, -1, 7, -1, -1, -1, -1, -1, 36, -1, -1, -1, -1, -1, 37, -1, -1, -1, -1, -1, 38, -1, -1, -1, -1, -1, 39, -1, -1, -1, -1, -1, 126, -1, -1, -1, -1, -1, 127, -1, -1, -1, -1, -1, 128, -1, -1, -1, -1, -1),
(26, 0, 'Fifth Sunday of Easter', '2006-05-14', -1, -1, -1, -1, -1, -1, 131, 1, 129, -1, -1, -1, -1, -1, -1, -1, -1, -1, 33, 1, -1, -1, -1, -1, 129, -1, -1, -1, -1, -1, 112, -1, -1, -1, -1, -1, 101, -1, -1, -1, -1, -1, 132, -1, -1, -1, -1, -1, 36, -1, -1, -1, -1, -1, 37, -1, -1, -1, -1, -1, 38, -1, -1, -1, -1, -1, 39, -1, -1, -1, -1, -1, 103, 1, -1, -1, -1, -1, 133, -1, -1, -1, -1, -1, 134, 1, 130, -1, -1, -1),
(27, 0, 'Sixth Sunday of Easter', '2006-05-21', -1, -1, -1, -1, -1, -1, 135, 1, 134, 912, 913, -1, -1, -1, -1, -1, -1, -1, 33, 1, 914, 915, 916, -1, 130, -1, 917, 135, 918, -1, -1, -1, -1, -1, -1, -1, -1, -1, -1, -1, -1, -1, 136, -1, 919, 920, 921, -1, 36, -1, 922, 923, 924, -1, 37, -1, 925, 926, 927, -1, 38, -1, 928, 929, 930, -1, 39, -1, 931, 932, 933, -1, 137, -1, 934, 935, 936, -1, 83, -1, 937, 938, 939, -1, 138, 1, 136, 940, 941, -1),
(28, 0, 'Ascension of the Lord', '2006-05-28', -1, -1, -1, -1, -1, -1, 139, 1, 138, -1, -1, -1, -1, -1, -1, -1, -1, -1, 33, -1, -1, -1, -1, -1, 140, -1, -1, 139, -1, -1, 112, -1, -1, -1, -1, -1, 101, -1, -1, -1, -1, -1, 141, -1, -1, -1, -1, -1, 36, -1, -1, -1, -1, -1, 37, -1, -1, -1, -1, -1, 38, -1, -1, -1, -1, -1, 39, -1, -1, -1, -1, -1, 142, -1, -1, -1, -1, -1, 143, -1, -1, -1, -1, -1, 138, 1, 137, -1, -1, -1),
(29, 0, 'Pentecost', '2006-06-04', -1, -1, -1, -1, -1, -1, 144, 1, -1, -1, -1, -1, -1, -1, -1, -1, -1, -1, 33, 1, -1, -1, -1, -1, 145, 1, -1, -1, -1, -1, 112, -1, -1, -1, -1, -1, 101, -1, -1, -1, -1, -1, 147, 1, -1, -1, -1, -1, 36, -1, -1, -1, -1, -1, 37, -1, -1, -1, -1, -1, 38, -1, -1, -1, -1, -1, 39, -1, -1, -1, -1, -1, 148, -1, -1, -1, -1, -1, 149, -1, -1, -1, -1, -1, 150, 1, -1, -1, -1, -1),
(30, 0, 'Solemnity of the Most Holy Trinity', '2006-06-11', 20, -1, -1, -1, -1, -1, 72, 1, 140, -1, -1, -1, -1, -1, -1, -1, -1, -1, 33, -1, -1, -1, -1, -1, 82, -1, -1, 141, -1, -1, 151, -1, -1, -1, -1, -1, 101, -1, -1, -1, -1, -1, 152, -1, 142, -1, -1, -1, 36, -1, -1, -1, -1, -1, 37, -1, -1, -1, -1, -1, 38, -1, -1, -1, -1, -1, 39, -1, -1, -1, -1, -1, 153, -1, -1, -1, -1, -1, 154, -1, -1, -1, -1, -1, 155, 1, 143, -1, -1, -1),
(31, 0, 'The Solemnity of the Most Holy Body and Blood of Christ', '2006-06-18', 154, -1, -1, -1, -1, -1, 156, 1, -1, -1, -1, -1, -1, -1, -1, -1, -1, -1, 33, 1, -1, -1, -1, -1, 157, -1, -1, 144, -1, -1, 151, 1, -1, -1, -1, -1, 101, -1, -1, -1, -1, -1, 158, -1, -1, -1, -1, -1, 36, -1, -1, -1, -1, -1, 37, -1, -1, -1, -1, -1, 38, -1, -1, -1, -1, -1, 39, -1, -1, -1, -1, -1, 90, -1, -1, -1, -1, -1, 159, -1, -1, -1, -1, -1, 155, 1, -1, -1, -1, -1),
(32, 0, 'Fifteenth Sunday in Ordinary Time', '0266-07-16', 162, -1, -1, -1, -1, -1, 4, 1, -1, -1, -1, -1, -1, -1, -1, -1, -1, -1, 33, 1, -1, -1, -1, -1, 163, -1, -1, -1, -1, -1, 151, -1, -1, -1, -1, -1, 101, -1, -1, -1, -1, -1, 164, -1, -1, -1, -1, -1, 36, -1, -1, -1, -1, -1, 37, -1, -1, -1, -1, -1, 38, -1, -1, -1, -1, -1, 39, -1, -1, -1, -1, -1, 31, -1, -1, -1, -1, -1, 120, -1, -1, -1, -1, -1, 165, 1, 145, -1, -1, -1),
(33, 0, 'Sixteenth Sunday in Ordinary Time', '2006-07-23', 162, -1, -1, -1, -1, -1, 168, 1, 147, -1, -1, -1, -1, -1, -1, -1, -1, -1, 33, 1, -1, -1, -1, -1, 166, -1, -1, 148, -1, -1, 151, -1, -1, -1, -1, -1, 101, -1, -1, -1, -1, -1, 141, -1, -1, -1, -1, -1, 36, -1, -1, -1, -1, -1, 37, -1, -1, -1, -1, -1, 38, -1, -1, -1, -1, -1, 39, -1, -1, -1, -1, -1, 167, -1, -1, -1, -1, -1, 26, -1, -1, -1, -1, -1, 165, 1, 146, -1, -1, -1),
(34, 0, '25th Wedding Anniversary - c/c Diễn Hồng', '2006-07-29', 46, -1, -1, 167, 149, -1, 170, 1, -1, -1, 150, -1, 22, -1, -1, -1, 151, -1, 33, 1, 152, -1, 153, -1, 171, -1, -1, 154, 155, -1, 151, 1, -1, -1, 156, -1, 101, -1, -1, -1, 157, -1, 172, -1, -1, -1, 158, -1, 36, -1, -1, -1, 159, -1, 37, -1, -1, -1, 160, -1, 38, -1, -1, -1, 161, -1, 39, -1, -1, -1, 162, -1, 114, -1, -1, -1, 163, -1, 173, -1, -1, 164, 165, -1, 174, 1, -1, -1, 166, -1),
(35, 0, 'Seventeenth Sunday in Ordinary Time', '2006-07-30', 175, -1, -1, -1, -1, -1, 176, 1, 168, -1, -1, -1, -1, -1, -1, -1, -1, -1, 33, 1, -1, -1, -1, -1, 80, -1, -1, 169, -1, -1, 151, 1, -1, -1, -1, -1, 101, -1, -1, -1, -1, -1, 178, -1, 170, -1, -1, -1, 36, -1, -1, -1, -1, -1, 37, -1, -1, -1, -1, -1, 38, -1, -1, -1, -1, -1, 39, -1, -1, -1, -1, -1, 148, -1, -1, -1, -1, -1, 108, -1, -1, -1, -1, -1, 138, 1, 171, -1, -1, -1),
(36, 0, 'Feast of the Transfiguration of the Lord', '0266-08-06', 175, -1, -1, -1, 174, -1, 131, 1, 172, -1, 187, -1, -1, -1, -1, -1, -1, -1, -1, -1, -1, -1, -1, -1, 179, -1, -1, 175, 176, -1, 151, 1, -1, -1, 177, -1, 101, -1, -1, -1, 190, -1, 180, 1, -1, -1, 191, -1, 36, -1, -1, -1, 179, -1, 37, -1, -1, -1, 181, -1, 38, -1, -1, -1, 183, -1, 39, -1, -1, -1, 184, -1, 181, -1, -1, -1, 192, -1, 143, -1, -1, -1, 185, -1, 138, 1, 173, -1, 186, -1),
(37, 0, 'Nineteenth Sunday in the Ordinary Time', '2006-08-13', 154, -1, -1, -1, 207, -1, 72, 1, 188, -1, 208, -1, 22, -1, -1, 204, 209, -1, 33, 1, -1, -1, 193, -1, 177, -1, -1, 205, 194, -1, 151, 1, -1, -1, 195, -1, 101, -1, -1, -1, 210, -1, 182, -1, -1, -1, 206, -1, 36, -1, -1, -1, 197, -1, 37, -1, -1, -1, 199, -1, 38, -1, -1, -1, 201, -1, 39, -1, -1, -1, 203, -1, 191, -1, -1, -1, 211, -1, 56, -1, -1, -1, 212, -1, 184, 1, 189, -1, 213, -1),
(38, 0, 'Long & Briana''s Wedding', '2006-08-19', -1, -1, -1, -1, -1, -1, 170, 1, -1, -1, -1, -1, 22, -1, -1, -1, -1, -1, 33, 1, -1, -1, -1, -1, 186, -1, -1, -1, -1, -1, 70, 1, -1, -1, -1, -1, 101, -1, -1, -1, -1, -1, 118, 1, -1, -1, -1, -1, 36, -1, -1, -1, -1, -1, 37, -1, -1, -1, -1, -1, 38, -1, -1, -1, -1, -1, 39, -1, -1, -1, -1, -1, 187, -1, -1, -1, -1, -1, 173, -1, -1, -1, -1, -1, 188, 1, -1, -1, -1, -1),
(39, 0, 'Twentieth Sunday In Ordinary Time', '2006-08-20', 154, -1, -1, -1, -1, -1, 52, 1, -1, -1, -1, -1, -1, -1, -1, -1, -1, -1, 33, 1, -1, -1, -1, -1, 177, -1, -1, -1, -1, -1, 151, -1, -1, -1, -1, -1, 101, -1, -1, -1, -1, -1, 7, -1, -1, -1, -1, -1, 36, -1, -1, -1, -1, -1, 37, -1, -1, -1, -1, -1, 38, -1, -1, -1, -1, -1, 39, -1, -1, -1, -1, -1, 191, -1, -1, -1, -1, -1, 13, -1, -1, -1, -1, -1, 14, 1, -1, -1, -1, -1),
(40, 0, 'Twenty-first Sunday in Ordinary Time', '2006-08-27', 154, -1, -1, -1, 216, -1, 176, 1, 214, -1, 217, -1, -1, -1, -1, -1, -1, -1, 33, 1, -1, -1, 218, -1, 177, 1, -1, 219, 220, -1, 151, -1, -1, -1, 221, -1, 101, -1, -1, -1, 222, -1, 170, 1, -1, -1, 223, -1, 36, -1, -1, -1, 224, -1, 37, -1, -1, -1, 225, -1, 38, -1, -1, -1, 226, -1, 39, -1, -1, -1, 227, -1, 172, -1, -1, -1, 228, -1, 183, -1, 231, 232, 229, -1, 155, 1, 215, 230, -1, -1),
(41, 0, 'Twenty-Second Sunday in Ordinary Time', '2006-09-03', 20, -1, -1, -1, 235, -1, 58, 1, 233, -1, 236, -1, -1, -1, -1, -1, -1, -1, 33, 1, -1, -1, 239, -1, 102, -1, -1, 238, 240, -1, 151, -1, -1, -1, 241, -1, 101, -1, -1, -1, 237, -1, 193, -1, -1, -1, 242, -1, 36, -1, -1, -1, 243, -1, 37, -1, -1, -1, 244, -1, -1, -1, -1, -1, -1, -1, 39, -1, -1, -1, 245, -1, 1, -1, -1, -1, 246, -1, 108, -1, -1, -1, 247, -1, 14, 1, 234, -1, 248, -1),
(42, 0, '23rd Sunday in Ordinary Time - 2nd Youth Mass Anniversary', '2006-09-10', 108, -1, -1, -1, 250, -1, 194, 1, 265, -1, 251, -1, 22, -1, -1, -1, 252, -1, 33, 1, -1, -1, 253, -1, 195, -1, 266, 249, 254, -1, 151, -1, -1, -1, 255, -1, 101, -1, -1, -1, 256, -1, 196, -1, 270, -1, 263, -1, 36, -1, -1, -1, 257, -1, 37, -1, -1, -1, 258, -1, 38, -1, -1, -1, 259, -1, 39, -1, -1, -1, 260, -1, 60, 1, 267, -1, 264, -1, 125, -1, 268, -1, 261, -1, 197, 1, 269, -1, 262, -1),
(43, 0, 'Twenty-Fourth Sunday in Ordinary Time', '2006-09-17', 83, -1, -1, -1, -1, -1, 131, 1, -1, -1, -1, -1, -1, -1, -1, -1, -1, -1, 33, 1, -1, -1, -1, -1, 73, -1, -1, -1, -1, -1, 151, -1, -1, -1, -1, -1, 101, -1, -1, -1, -1, -1, 180, -1, -1, -1, -1, -1, 36, -1, -1, -1, -1, -1, 37, -1, -1, -1, -1, -1, -1, -1, -1, -1, -1, -1, 39, -1, -1, -1, -1, -1, 99, -1, -1, -1, -1, -1, 91, -1, -1, -1, -1, -1, 21, 1, -1, -1, -1, -1),
(44, 0, 'Twenty-fifth Sunday In Ordinary Time', '2006-09-24', 198, -1, -1, -1, -1, -1, 52, 1, 271, -1, -1, -1, -1, -1, -1, -1, -1, -1, 33, 1, -1, -1, -1, -1, 199, -1, -1, 275, -1, -1, 151, -1, -1, -1, -1, -1, 101, -1, -1, -1, -1, -1, 7, -1, 272, -1, -1, -1, 36, -1, -1, -1, -1, -1, 37, -1, -1, -1, -1, -1, 38, -1, -1, -1, -1, -1, 39, -1, -1, -1, -1, -1, 31, -1, 273, -1, -1, -1, 200, -1, -1, -1, -1, -1, 67, 1, 274, -1, -1, -1),
(45, 0, 'Trang & Kiệt''s Wedding', '2006-09-30', -1, -1, -1, -1, -1, -1, -1, -1, -1, -1, -1, -1, -1, -1, -1, -1, -1, -1, 33, -1, -1, -1, -1, -1, -1, -1, -1, -1, -1, -1, -1, -1, -1, -1, -1, -1, -1, -1, -1, -1, -1, -1, -1, -1, -1, -1, -1, -1, -1, -1, -1, -1, -1, -1, -1, -1, -1, -1, -1, -1, -1, -1, -1, -1, -1, -1, -1, -1, -1, -1, -1, -1, -1, -1, -1, -1, -1, -1, -1, -1, -1, -1, -1, -1, -1, -1, -1, -1, -1, -1),
(46, 0, 'Twenty-sixth Sunday in Ordinary Time', '2006-10-01', 20, -1, -1, -1, -1, -1, 168, 1, -1, -1, -1, -1, -1, -1, -1, -1, -1, -1, 33, 1, -1, -1, -1, -1, 102, -1, -1, 276, -1, -1, 151, -1, -1, -1, -1, -1, 101, -1, -1, -1, -1, -1, 141, -1, -1, -1, -1, -1, 36, -1, -1, -1, -1, -1, 37, -1, -1, -1, -1, -1, 38, -1, -1, -1, -1, -1, 39, -1, -1, -1, -1, -1, 103, -1, -1, -1, -1, -1, 56, -1, -1, -1, -1, -1, 14, 1, -1, -1, -1, -1),
(47, 0, 'Twenty-seventh Sunday in Ordinary Time', '2006-10-08', 20, 1, -1, -1, -1, -1, 135, 1, 278, -1, -1, -1, -1, -1, -1, -1, -1, -1, 33, 1, -1, -1, -1, -1, 201, -1, -1, -1, -1, -1, 151, -1, -1, -1, -1, -1, 101, -1, -1, -1, -1, -1, 65, -1, 277, -1, -1, -1, 36, -1, -1, -1, -1, -1, 37, -1, -1, -1, -1, -1, 38, -1, -1, -1, -1, -1, 39, -1, -1, -1, -1, -1, 172, -1, -1, -1, -1, -1, 202, -1, -1, -1, -1, -1, 174, 1, 279, -1, -1, -1),
(48, 0, 'Twenty-eighth Sunday in Ordinary Time', '2006-10-15', 162, 1, -1, -1, -1, -1, 204, 1, 280, -1, -1, -1, -1, -1, -1, -1, -1, -1, 33, -1, -1, -1, -1, -1, 195, -1, -1, 281, -1, -1, 151, 1, -1, -1, -1, -1, 101, -1, -1, -1, -1, -1, 55, -1, -1, -1, -1, -1, 36, -1, -1, -1, -1, -1, 37, -1, -1, -1, -1, -1, 38, -1, -1, -1, -1, -1, 39, -1, -1, -1, -1, -1, 167, -1, -1, -1, -1, -1, 13, -1, -1, -1, -1, -1, 165, 1, 282, -1, -1, -1),
(49, 0, 'Twenty-ninth Sunday in Ordinary Time', '2006-10-22', 162, -1, -1, -1, -1, -1, 52, 1, 284, -1, -1, -1, -1, -1, -1, -1, -1, -1, 33, 1, -1, -1, -1, -1, 205, -1, -1, -1, -1, -1, 151, -1, -1, -1, -1, -1, 101, -1, -1, -1, -1, -1, 206, -1, -1, -1, -1, -1, 36, -1, -1, -1, -1, -1, 37, -1, -1, -1, -1, -1, 38, -1, -1, -1, -1, -1, 39, -1, -1, -1, -1, -1, 31, -1, -1, -1, -1, -1, 207, -1, -1, -1, -1, -1, 184, 1, 283, -1, -1, -1),
(50, 0, 'Thirtieth Sunday in Ordinary Time', '2006-10-29', 76, -1, -1, -1, -1, -1, 58, 1, -1, -1, -1, -1, -1, -1, -1, -1, -1, -1, 33, 1, -1, -1, -1, -1, 208, -1, -1, 294, -1, -1, 151, -1, -1, -1, -1, -1, 101, -1, -1, -1, -1, -1, 209, -1, -1, -1, -1, -1, 36, -1, -1, -1, -1, -1, 37, -1, -1, -1, -1, -1, 38, -1, -1, -1, -1, -1, 39, -1, -1, -1, -1, -1, 19, -1, -1, -1, -1, -1, 108, -1, -1, -1, -1, -1, 79, 1, 285, -1, -1, -1),
(51, 0, 'Thirty-first Sunday in Ordinary Time', '2006-11-05', 83, -1, -1, -1, -1, -1, 168, 1, 286, -1, -1, -1, -1, -1, -1, -1, -1, -1, 33, -1, -1, -1, -1, -1, 210, -1, -1, 305, -1, -1, 151, -1, -1, -1, -1, -1, 101, -1, -1, -1, -1, -1, 136, -1, -1, -1, -1, -1, 36, -1, -1, -1, -1, -1, 37, -1, -1, -1, -1, -1, 38, -1, -1, -1, -1, -1, 39, -1, -1, -1, -1, -1, 148, -1, -1, -1, -1, -1, 127, -1, -1, -1, -1, -1, 21, -1, 287, -1, -1, -1),
(52, 0, 'Thirty-second Sunday In Ordinary Time', '2006-11-12', 83, -1, -1, -1, -1, -1, 52, 1, 288, -1, -1, -1, -1, -1, -1, -1, -1, -1, 33, -1, -1, -1, -1, -1, 211, -1, -1, -1, -1, -1, 151, 1, -1, -1, -1, -1, 101, -1, -1, -1, -1, -1, 7, -1, 295, -1, -1, -1, 36, -1, -1, -1, -1, -1, 37, -1, -1, -1, -1, -1, 38, -1, -1, -1, -1, -1, 39, -1, -1, -1, -1, -1, 60, -1, -1, -1, -1, -1, 56, -1, -1, -1, -1, -1, 14, 1, 289, -1, -1, -1),
(53, 0, 'Thirty-third Sunday in Ordinary Time', '2006-11-19', 154, -1, -1, -1, -1, -1, 176, 1, 290, -1, -1, -1, -1, -1, -1, -1, -1, -1, 33, -1, -1, -1, -1, -1, 127, 1, 297, 304, -1, -1, 151, 1, -1, -1, -1, -1, 101, -1, -1, -1, -1, -1, 213, -1, 296, -1, -1, -1, 36, -1, -1, -1, -1, -1, 37, -1, -1, -1, -1, -1, 38, -1, -1, -1, -1, -1, 39, -1, -1, -1, -1, -1, 153, -1, -1, -1, -1, -1, 125, -1, -1, -1, -1, -1, 214, 1, 291, -1, -1, -1),
(54, 0, 'Solemnity of Our Lord Jesus Christ the King', '2006-11-26', 215, -1, -1, -1, -1, -1, 131, 1, 292, -1, -1, -1, -1, -1, -1, -1, -1, -1, 33, -1, -1, -1, -1, -1, -1, -1, -1, -1, -1, -1, 151, 1, -1, -1, -1, -1, 101, -1, -1, -1, -1, -1, 164, -1, -1, -1, -1, -1, 36, -1, -1, -1, -1, -1, 37, -1, -1, -1, -1, -1, 38, -1, -1, -1, -1, -1, 39, -1, -1, -1, -1, -1, 213, -1, -1, -1, -1, -1, 143, -1, -1, -1, -1, -1, 3, 1, 293, -1, -1, -1),
(55, 0, 'First Sunday of Advent', '2006-12-03', 20, -1, -1, -1, -1, -1, 217, 1, 298, -1, -1, -1, 22, -1, -1, -1, -1, -1, -1, -1, -1, -1, -1, -1, 218, -1, -1, 300, -1, -1, 2, -1, -1, -1, -1, -1, 219, -1, -1, -1, -1, -1, 28, -1, -1, -1, -1, -1, 8, -1, -1, -1, -1, -1, 9, -1, -1, -1, -1, -1, 10, -1, -1, -1, -1, -1, 11, -1, -1, -1, -1, -1, 1, -1, -1, -1, -1, -1, 61, -1, -1, -1, -1, -1, 14, 1, 299, -1, -1, -1),
(56, 0, 'Second Sunday of Advent', '2006-12-10', 20, 1, -1, -1, -1, -1, 217, 1, 301, -1, -1, -1, 22, -1, -1, -1, -1, -1, -1, -1, -1, -1, -1, -1, 208, -1, -1, 302, -1, -1, 2, -1, -1, -1, -1, -1, 219, -1, -1, -1, -1, -1, 16, -1, -1, -1, -1, -1, 8, -1, -1, -1, -1, -1, 9, -1, -1, -1, -1, -1, 10, -1, -1, -1, -1, -1, 11, -1, -1, -1, -1, -1, 12, -1, -1, -1, -1, -1, 26, -1, -1, -1, -1, -1, 18, 1, 303, -1, -1, -1),
(57, 0, 'Third Sunday of Advent', '2006-12-17', 20, -1, -1, -1, -1, -1, 217, 1, -1, -1, -1, -1, 22, -1, -1, -1, -1, -1, -1, -1, -1, -1, -1, -1, 15, -1, 306, 307, -1, -1, 2, -1, -1, -1, -1, -1, 219, -1, -1, -1, -1, -1, 23, -1, 311, -1, -1, -1, 8, 1, -1, -1, -1, -1, 9, 1, -1, -1, -1, -1, 10, 1, -1, -1, -1, -1, 11, -1, -1, -1, -1, -1, 18, 1, 308, -1, -1, -1, 108, -1, 309, -1, -1, -1, 51, -1, 310, -1, -1, -1),
(58, 0, 'Nativity of the Lord: Midnight', '2006-12-24', -1, -1, -1, -1, -1, -1, 51, -1, -1, -1, 327, -1, 22, -1, -1, -1, 317, -1, 33, -1, -1, -1, 318, -1, 220, -1, -1, 316, 328, -1, 151, -1, -1, -1, 319, -1, 219, -1, -1, -1, 320, -1, 221, -1, -1, -1, 329, -1, 36, -1, -1, -1, 322, -1, 37, -1, -1, -1, 323, -1, 38, -1, -1, -1, 324, -1, 39, -1, -1, -1, 325, -1, 222, -1, 313, -1, 321, -1, 223, -1, 314, -1, -1, -1, 47, -1, 315, -1, 326, -1),
(59, 0, 'The Holy Family of Jesus, Mary, and Joseph', '2006-12-31', 133, -1, -1, -1, -1, -1, 51, 1, -1, -1, -1, -1, -1, -1, -1, -1, -1, -1, 33, 1, -1, -1, -1, -1, 224, -1, -1, -1, -1, -1, 151, -1, -1, -1, -1, -1, 219, -1, -1, -1, -1, -1, 225, -1, -1, -1, -1, -1, 36, -1, -1, -1, -1, -1, 37, -1, -1, -1, -1, -1, 38, -1, -1, -1, -1, -1, 39, -1, -1, -1, -1, -1, 172, -1, -1, -1, -1, -1, 200, -1, -1, -1, -1, -1, 226, 1, -1, -1, -1, -1),
(60, 0, 'Epiphany', '2007-01-07', 215, -1, -1, -1, -1, -1, 48, 1, -1, -1, -1, -1, -1, -1, -1, -1, -1, -1, 33, 1, -1, -1, -1, -1, 49, -1, 330, 345, -1, -1, 151, -1, -1, -1, -1, -1, 219, -1, -1, -1, -1, -1, 223, -1, 331, -1, -1, -1, 36, -1, -1, -1, -1, -1, 37, -1, -1, -1, -1, -1, 38, -1, -1, -1, -1, -1, 39, -1, -1, -1, -1, -1, 222, -1, -1, -1, -1, -1, 216, -1, 332, -1, -1, -1, 47, 1, -1, -1, -1, -1),
(61, 0, 'Second Sunday in Ordinary Time', '2007-01-14', 215, -1, -1, -1, -1, -1, 4, 1, 333, -1, -1, -1, -1, -1, -1, -1, -1, -1, 33, -1, -1, -1, -1, -1, 64, -1, -1, 344, -1, -1, 151, 1, -1, -1, -1, -1, 219, -1, -1, -1, -1, -1, 152, -1, 334, -1, -1, -1, 36, -1, -1, -1, -1, -1, 37, -1, -1, -1, -1, -1, 38, -1, -1, -1, -1, -1, 39, -1, -1, -1, -1, -1, 148, -1, -1, -1, -1, -1, 227, -1, -1, -1, -1, -1, 57, 1, 335, -1, -1, -1),
(62, 0, 'Third Sunday in Ordinary Time', '2007-01-21', 162, -1, -1, -1, -1, -1, 176, 1, 336, -1, -1, -1, -1, -1, -1, -1, -1, -1, 33, -1, -1, -1, -1, -1, 102, -1, -1, 338, -1, -1, 151, 1, -1, -1, -1, -1, 219, -1, -1, -1, -1, -1, 193, -1, 339, -1, -1, -1, 36, -1, -1, -1, -1, -1, 37, -1, -1, -1, -1, -1, 38, -1, -1, -1, -1, -1, 39, -1, -1, -1, -1, -1, 228, -1, -1, -1, -1, -1, 229, -1, -1, -1, -1, -1, 67, 1, 337, -1, -1, -1),
(63, 0, 'Fourth Sunday In Ordinary Time', '2007-01-28', 162, -1, -1, -1, -1, -1, 52, 1, 340, -1, -1, -1, -1, -1, -1, -1, -1, -1, 33, 1, -1, -1, -1, -1, 230, -1, -1, 343, 346, -1, 151, -1, -1, -1, -1, -1, 219, -1, -1, -1, -1, -1, 7, -1, -1, -1, -1, -1, 36, -1, -1, -1, -1, -1, 37, -1, -1, -1, -1, -1, 38, -1, -1, -1, -1, -1, 39, -1, -1, -1, -1, -1, 231, -1, 341, -1, -1, -1, 173, -1, -1, -1, -1, -1, 96, 1, 342, -1, -1, -1),
(64, 0, 'Fifth Sunday In Ordinary Time', '2007-02-04', 74, -1, -1, -1, -1, -1, 204, -1, -1, -1, -1, -1, -1, -1, -1, -1, -1, -1, 33, -1, -1, -1, -1, -1, 234, -1, -1, 349, -1, -1, 151, -1, -1, -1, -1, -1, 219, -1, -1, -1, -1, -1, 54, -1, -1, -1, -1, -1, 36, -1, -1, -1, -1, -1, 37, -1, -1, -1, -1, -1, 38, -1, -1, -1, -1, -1, 39, -1, -1, -1, -1, -1, 235, -1, -1, -1, -1, -1, 13, -1, -1, -1, -1, -1, 184, -1, -1, -1, -1, -1),
(65, 0, 'Sixth Sunday In Ordinary Time', '2007-02-11', 74, -1, -1, -1, 364, -1, 4, 1, 347, -1, 365, -1, -1, -1, -1, -1, -1, -1, 33, -1, -1, -1, 366, -1, 82, -1, -1, 350, 367, -1, 151, -1, -1, -1, 368, -1, 219, -1, -1, -1, 369, -1, 237, -1, -1, -1, -1, -1, 36, -1, -1, -1, 370, -1, 37, -1, -1, -1, 371, -1, 38, -1, -1, -1, 372, -1, 39, -1, -1, -1, 373, -1, 238, -1, -1, -1, 374, -1, 56, -1, -1, -1, 375, -1, 67, 1, 348, -1, 376, -1),
(66, 0, 'First Sunday of Lent', '2007-02-25', 215, -1, -1, -1, -1, -1, 239, -1, -1, -1, -1, -1, 240, -1, -1, -1, -1, -1, -1, -1, -1, -1, -1, -1, 97, -1, -1, 361, 377, -1, 241, -1, -1, -1, -1, -1, 219, -1, -1, -1, -1, -1, 98, -1, -1, -1, 378, -1, 85, -1, -1, -1, -1, -1, 86, -1, -1, -1, -1, -1, 87, -1, -1, -1, -1, -1, 88, -1, -1, -1, -1, -1, 114, -1, -1, -1, -1, -1, 100, -1, -1, -1, 379, -1, 18, -1, -1, -1, -1, -1),
(67, 0, 'Second Sunday of Lent', '2007-03-04', 83, -1, -1, -1, -1, -1, 239, -1, -1, -1, -1, -1, 240, -1, -1, -1, -1, -1, -1, -1, -1, -1, -1, -1, 195, -1, -1, 352, -1, -1, 241, -1, -1, -1, -1, -1, 219, -1, -1, -1, -1, -1, 237, -1, -1, -1, -1, -1, 85, -1, -1, -1, -1, -1, 86, -1, -1, -1, -1, -1, 87, -1, -1, -1, -1, -1, 88, -1, -1, -1, -1, -1, 119, -1, -1, -1, -1, -1, 108, -1, -1, -1, -1, -1, 243, -1, -1, -1, -1, -1),
(68, 0, 'Third Sunday of Lent', '2007-03-11', 83, -1, -1, -1, -1, -1, 77, -1, 381, -1, -1, -1, 240, -1, -1, -1, -1, -1, -1, -1, -1, -1, -1, -1, 80, -1, -1, 380, -1, -1, 241, -1, -1, -1, -1, -1, 219, -1, -1, -1, -1, -1, 89, -1, 382, -1, -1, -1, 85, -1, -1, -1, -1, -1, 86, -1, -1, -1, -1, -1, 87, -1, -1, -1, -1, -1, 88, -1, -1, -1, -1, -1, 231, -1, -1, -1, -1, -1, 100, -1, -1, -1, -1, -1, 207, -1, 383, -1, -1, -1),
(69, 0, 'Fourth Sunday of Lent', '2007-03-18', 83, -1, -1, -1, -1, -1, 92, 1, 386, -1, -1, -1, 240, -1, -1, -1, -1, -1, -1, -1, -1, -1, -1, -1, 177, -1, -1, 384, -1, -1, 241, -1, -1, -1, -1, -1, 219, -1, -1, -1, -1, -1, 104, -1, -1, -1, -1, -1, 85, -1, -1, -1, -1, -1, 86, -1, -1, -1, -1, -1, 87, -1, -1, -1, -1, -1, 88, -1, -1, -1, -1, -1, 60, -1, -1, -1, -1, -1, 244, -1, -1, -1, -1, -1, 105, -1, 387, -1, -1, -1),
(70, 0, 'Fifth Sunday of Lent', '2007-03-25', 76, -1, -1, -1, -1, -1, 168, -1, 388, -1, -1, -1, 240, -1, -1, -1, -1, -1, -1, -1, -1, -1, -1, -1, 208, -1, -1, 385, -1, -1, 241, -1, -1, -1, -1, -1, 219, -1, -1, -1, -1, -1, 245, -1, -1, -1, -1, -1, 85, -1, -1, -1, -1, -1, 86, -1, -1, -1, -1, -1, 87, -1, -1, -1, -1, -1, 88, -1, -1, -1, -1, -1, 172, -1, -1, -1, -1, -1, 250, -1, -1, -1, -1, -1, 84, -1, 389, -1, -1, -1),
(71, 0, 'Palm Sunday of the Lord’s Passion', '2007-04-01', -1, -1, -1, -1, -1, -1, 131, 1, 390, -1, -1, -1, 240, -1, -1, -1, -1, -1, -1, -1, -1, -1, -1, -1, 246, -1, -1, 391, -1, -1, 241, -1, -1, -1, -1, -1, 219, -1, -1, -1, -1, -1, 247, -1, -1, -1, -1, -1, 85, -1, -1, -1, -1, -1, 86, -1, -1, -1, -1, -1, 87, -1, -1, -1, -1, -1, 88, -1, -1, -1, -1, -1, 248, -1, -1, -1, -1, -1, 249, -1, -1, -1, -1, -1, -1, -1, -1, -1, -1, -1),
(72, 0, 'Easter Sunday', '2007-04-08', 215, -1, -1, -1, -1, -1, 117, 1, 393, -1, -1, -1, -1, -1, -1, -1, -1, -1, 33, 1, -1, -1, -1, -1, 111, 1, -1, 392, -1, -1, 112, 1, -1, -1, -1, -1, 219, -1, -1, -1, -1, -1, 213, 1, 394, -1, -1, -1, 36, -1, -1, -1, -1, -1, 37, -1, -1, -1, -1, -1, 38, -1, -1, -1, -1, -1, 39, -1, -1, -1, -1, -1, 119, -1, -1, -1, -1, -1, 120, -1, 395, -1, -1, -1, 113, 1, 396, -1, -1, -1),
(73, 0, 'Second Sunday of Easter - Divine Mercy', '2007-04-15', 251, -1, -1, -1, 401, -1, 3, 1, 397, -1, 402, -1, -1, -1, -1, -1, -1, -1, 33, 1, -1, -1, 403, -1, 116, 1, -1, 398, 404, -1, 112, 1, -1, -1, 405, -1, 219, -1, -1, -1, 406, -1, 78, -1, -1, -1, 407, -1, 36, -1, -1, -1, 408, -1, 37, -1, -1, -1, 409, -1, 38, -1, -1, -1, 410, -1, 39, -1, -1, -1, 411, -1, 114, -1, -1, -1, 412, -1, 108, -1, -1, -1, 413, -1, 252, 1, 399, -1, 414, -1),
(74, 0, 'Third Sunday of Easter', '2007-04-22', 251, -1, -1, -1, 415, -1, 252, 1, -1, -1, 416, -1, -1, -1, -1, -1, -1, -1, 33, 1, -1, -1, 417, -1, 253, -1, -1, 400, 418, -1, 112, -1, -1, -1, 419, -1, 219, -1, -1, -1, 420, -1, 123, -1, -1, -1, 421, -1, 36, 1, -1, -1, 422, -1, 37, 1, -1, -1, 423, -1, 38, 1, -1, -1, 424, -1, 39, 1, -1, -1, 425, -1, 142, -1, -1, -1, 426, -1, 254, -1, -1, -1, 427, -1, 3, 1, -1, -1, 428, -1),
(75, 0, 'Fourth Sunday of Easter', '2007-04-29', 154, -1, -1, -1, -1, -1, 72, -1, -1, -1, -1, -1, -1, -1, -1, -1, -1, -1, 33, -1, -1, -1, -1, -1, 82, -1, -1, -1, -1, -1, 112, -1, -1, -1, -1, -1, 219, -1, -1, -1, -1, -1, 257, -1, -1, -1, -1, -1, 36, -1, -1, -1, -1, -1, 37, -1, -1, -1, -1, -1, 38, -1, -1, -1, -1, -1, 39, -1, -1, -1, -1, -1, 126, -1, -1, -1, -1, -1, -1, -1, -1, -1, -1, -1, 79, -1, -1, -1, -1, -1),
(76, 0, 'Fifth Sunday of Easter', '2007-05-06', 162, -1, -1, -1, 429, -1, 258, -1, -1, -1, 430, -1, -1, -1, -1, -1, -1, -1, 33, -1, -1, -1, 431, -1, 259, -1, -1, 443, 432, -1, 112, -1, -1, -1, 433, -1, 219, -1, -1, -1, 434, -1, 260, -1, -1, -1, 435, -1, 36, -1, -1, -1, 436, -1, 37, -1, -1, -1, 437, -1, 38, -1, -1, -1, 438, -1, 39, -1, -1, -1, 439, -1, 172, -1, -1, -1, 440, -1, 13, -1, -1, -1, 441, -1, 14, -1, -1, -1, 444, -1),
(77, 0, 'Sixth Sunday of Easter', '2007-05-13', 162, -1, -1, -1, -1, -1, 135, -1, -1, -1, 446, -1, -1, -1, -1, -1, -1, -1, 33, -1, -1, -1, 447, -1, 261, -1, -1, 448, 449, -1, 112, -1, -1, -1, -1, -1, 219, -1, -1, -1, 450, -1, 7, -1, -1, -1, -1, -1, 36, -1, -1, -1, 451, -1, 37, -1, -1, -1, 452, -1, 38, -1, -1, -1, 453, -1, 39, -1, -1, -1, 454, -1, 60, -1, -1, -1, 445, -1, 133, -1, -1, -1, 455, -1, 138, -1, -1, -1, 456, -1),
(78, 0, 'Ascension of the Lord', '2007-05-20', 215, -1, -1, -1, -1, -1, 3, -1, -1, -1, 457, -1, -1, -1, -1, -1, -1, -1, 33, -1, -1, -1, 458, -1, 262, -1, -1, -1, 459, -1, 112, -1, -1, -1, -1, -1, 219, -1, -1, -1, 460, -1, 141, -1, -1, -1, 461, -1, 36, -1, -1, -1, 462, -1, 37, -1, -1, -1, 463, -1, 38, -1, -1, -1, 464, -1, 39, -1, -1, -1, 465, -1, 1, -1, -1, -1, 466, -1, 143, -1, -1, -1, 467, -1, 14, -1, -1, -1, 468, -1),
(79, 0, 'First Communion', '2007-05-26', 154, -1, -1, -1, -1, -1, 265, -1, -1, -1, -1, -1, -1, -1, -1, -1, -1, -1, 33, -1, -1, -1, -1, -1, 177, -1, -1, 476, -1, -1, 151, -1, -1, -1, -1, -1, -1, -1, -1, -1, -1, -1, 266, -1, -1, -1, -1, -1, 267, -1, -1, -1, -1, -1, 268, -1, -1, -1, -1, -1, 10, -1, -1, -1, -1, -1, 269, -1, -1, -1, -1, -1, 191, -1, -1, -1, -1, -1, 182, -1, -1, -1, -1, -1, 265, -1, -1, -1, -1, -1),
(80, 0, 'Pentecost', '2007-05-27', 215, -1, -1, -1, -1, -1, 194, 1, 469, -1, -1, -1, -1, -1, -1, -1, -1, -1, 33, -1, -1, -1, -1, -1, 263, -1, -1, 475, -1, -1, 70, -1, -1, -1, -1, -1, 219, -1, -1, -1, -1, -1, 147, -1, -1, -1, -1, -1, 36, -1, -1, -1, -1, -1, 37, -1, -1, -1, -1, -1, 38, -1, -1, -1, -1, -1, 39, -1, -1, -1, -1, -1, 31, -1, -1, -1, -1, -1, 229, -1, -1, -1, -1, -1, 264, -1, 470, -1, -1, -1),
(81, 0, 'Confirmation', '2007-06-01', 215, -1, -1, -1, -1, -1, 194, -1, -1, -1, -1, -1, -1, -1, -1, -1, -1, -1, 33, -1, -1, -1, -1, -1, 263, -1, -1, 474, -1, -1, 70, -1, -1, -1, -1, -1, -1, -1, -1, -1, -1, -1, 147, -1, -1, -1, -1, -1, 36, -1, -1, -1, -1, -1, 37, -1, -1, -1, -1, -1, 38, -1, -1, -1, -1, -1, 39, -1, -1, -1, -1, -1, 31, -1, -1, -1, -1, -1, 229, -1, -1, -1, -1, -1, 264, -1, -1, -1, -1, -1),
(82, 0, 'The Solemnity of the Most Holy Trinity', '2007-06-03', 162, -1, -1, -1, 486, -1, 72, 1, 471, -1, 487, -1, -1, -1, -1, -1, -1, -1, 33, 1, -1, -1, 488, -1, 271, -1, -1, 472, 489, -1, 151, -1, -1, -1, 490, -1, 219, -1, -1, -1, 491, -1, 272, -1, -1, -1, 492, -1, 36, -1, -1, -1, 493, -1, 37, -1, -1, -1, -1, -1, 38, -1, -1, -1, -1, -1, 39, -1, -1, -1, -1, -1, 153, -1, -1, -1, 494, -1, 125, -1, -1, -1, 495, -1, 204, 1, 473, -1, 496, -1),
(83, 0, 'The Solemnity of the Most Holy Body and Blood of Christ', '2007-06-10', 154, -1, -1, -1, 497, -1, 274, 1, 479, -1, 498, -1, -1, -1, -1, -1, -1, -1, 33, -1, -1, -1, 499, -1, 273, -1, -1, 520, 500, -1, 151, -1, -1, -1, 501, -1, 219, -1, -1, -1, -1, -1, 182, -1, 478, -1, 502, -1, 36, -1, -1, -1, 503, -1, 37, -1, -1, -1, -1, -1, 38, -1, -1, -1, -1, -1, 39, -1, -1, -1, -1, -1, 191, -1, -1, -1, 504, -1, 159, -1, -1, -1, 505, -1, 155, 1, 477, -1, 506, -1),
(84, 0, 'Eleventh Sunday in Ordinary Time', '2007-06-17', 154, -1, -1, -1, 507, -1, 274, 1, 480, -1, 508, -1, -1, -1, -1, -1, -1, -1, 33, -1, -1, -1, 509, -1, 80, -1, -1, -1, 510, -1, 151, -1, -1, -1, 511, -1, 219, -1, -1, -1, 522, -1, 244, -1, -1, -1, 521, -1, 36, -1, -1, -1, 512, -1, 37, -1, -1, -1, 513, -1, 38, -1, -1, -1, 514, -1, 39, -1, -1, -1, 515, -1, 275, -1, -1, -1, 516, -1, 56, -1, -1, -1, 517, -1, 155, 1, 481, -1, 518, -1),
(85, 0, 'Solemnity of the Nativity of Saint John the Baptist', '2007-06-24', 20, -1, -1, -1, 530, -1, 276, 1, 482, -1, 525, -1, -1, -1, -1, -1, -1, -1, 33, -1, -1, -1, 529, -1, 230, -1, -1, 531, 532, -1, 151, -1, -1, -1, 528, -1, 219, -1, -1, -1, 527, -1, 277, -1, -1, -1, 524, -1, 36, -1, -1, -1, 533, -1, 37, -1, -1, -1, 534, -1, 38, -1, -1, -1, 535, -1, 39, -1, -1, -1, 536, -1, 61, -1, -1, -1, 526, -1, 231, -1, 484, -1, 523, -1, 165, -1, 485, -1, 519, -1),
(86, 0, 'Thirteenth Sunday in Ordinary Time', '2007-07-01', 20, -1, -1, -1, -1, -1, 168, 1, 537, -1, -1, -1, -1, -1, -1, -1, -1, -1, 33, 1, -1, -1, -1, -1, 278, -1, -1, 553, -1, -1, 151, -1, -1, -1, -1, -1, 219, -1, -1, -1, -1, -1, 279, -1, -1, -1, -1, -1, 36, -1, -1, -1, -1, -1, 37, -1, -1, -1, -1, -1, 38, -1, -1, -1, -1, -1, 39, -1, -1, -1, -1, -1, 228, -1, -1, -1, -1, -1, 127, -1, -1, -1, -1, -1, 280, 1, -1, -1, -1, -1),
(87, 0, 'Fourteenth Sunday in Ordinary Time', '2007-07-08', 83, -1, -1, -1, 549, -1, 4, 1, 538, -1, 541, -1, -1, -1, -1, -1, -1, -1, 33, -1, -1, -1, 542, -1, 124, 1, -1, 552, 540, -1, 151, -1, -1, -1, 543, -1, 219, -1, -1, -1, 544, -1, 164, -1, -1, -1, 546, -1, 36, -1, -1, -1, -1, -1, 37, -1, -1, -1, -1, -1, 38, -1, -1, -1, -1, -1, 39, -1, -1, -1, -1, -1, 31, -1, -1, -1, 547, -1, 133, -1, -1, -1, 548, -1, 67, 1, 539, -1, 545, -1),
(88, 0, 'Fifteenth Sunday in Ordinary Time', '2007-07-15', 162, -1, -1, -1, -1, -1, 81, 1, 550, -1, -1, -1, -1, -1, -1, -1, -1, -1, 33, -1, -1, -1, -1, -1, 102, -1, -1, -1, -1, -1, 151, -1, -1, -1, -1, -1, 219, -1, -1, -1, -1, -1, 141, -1, -1, -1, -1, -1, 36, -1, -1, -1, -1, -1, 37, -1, -1, -1, -1, -1, 38, -1, -1, -1, -1, -1, 39, -1, -1, -1, -1, -1, 172, -1, -1, -1, -1, -1, 200, -1, -1, -1, -1, -1, 264, 1, 551, -1, -1, -1),
(89, 0, 'Sixteenth Sunday in Ordinary Time', '2007-07-22', 175, -1, -1, -1, -1, -1, 52, -1, -1, -1, -1, -1, -1, -1, -1, -1, -1, -1, 33, -1, -1, -1, -1, -1, 281, -1, -1, -1, -1, -1, 151, -1, -1, -1, -1, -1, 219, -1, -1, -1, -1, -1, 180, -1, -1, -1, -1, -1, 36, -1, -1, -1, -1, -1, 37, -1, -1, -1, -1, -1, 38, -1, -1, -1, -1, -1, 39, -1, -1, -1, -1, -1, 213, -1, -1, -1, -1, -1, 13, -1, -1, -1, -1, -1, 138, -1, -1, -1, -1, -1),
(90, 0, 'Seventeenth Sunday in Ordinary Time', '2007-07-29', 175, -1, -1, -1, -1, -1, 204, -1, 554, -1, -1, -1, -1, -1, -1, -1, -1, -1, 33, -1, -1, -1, -1, -1, 282, -1, -1, 555, -1, -1, 151, -1, -1, -1, -1, -1, 219, -1, -1, -1, -1, -1, 78, -1, -1, -1, -1, -1, 36, -1, -1, -1, -1, -1, 37, -1, -1, -1, -1, -1, 38, -1, -1, -1, -1, -1, 39, -1, -1, -1, -1, -1, 114, -1, -1, -1, -1, -1, 61, -1, -1, -1, -1, -1, 284, -1, 556, -1, -1, -1),
(91, 0, 'Eighteenth Sunday in Ordinary Time', '2007-08-05', 154, -1, -1, -1, -1, -1, 168, -1, -1, -1, -1, -1, -1, -1, -1, -1, -1, -1, 33, -1, -1, -1, -1, -1, 64, -1, -1, -1, -1, -1, 151, -1, -1, -1, -1, -1, 219, -1, -1, -1, -1, -1, 7, -1, -1, -1, -1, -1, 36, -1, -1, -1, -1, -1, 37, -1, -1, -1, -1, -1, 38, -1, -1, -1, -1, -1, 39, -1, -1, -1, -1, -1, 167, -1, -1, -1, -1, -1, 283, 1, -1, -1, -1, -1, 184, -1, -1, -1, -1, -1),
(92, 0, 'Nineteenth Sunday in Ordinary Time', '2007-08-12', 154, -1, -1, -1, -1, -1, 58, 1, 557, -1, -1, -1, -1, -1, -1, -1, -1, -1, 255, -1, -1, -1, -1, -1, 82, -1, -1, -1, -1, -1, 151, -1, -1, -1, -1, -1, 219, -1, -1, -1, -1, -1, 55, -1, -1, -1, -1, -1, 36, -1, -1, -1, -1, -1, 37, -1, -1, -1, -1, -1, 38, -1, -1, -1, -1, -1, 39, -1, -1, -1, -1, -1, 74, -1, -1, -1, -1, -1, 26, -1, -1, -1, -1, -1, 14, 1, 558, -1, -1, -1),
(93, 0, 'Apage 3.0 - Sunday Liturgy', '2007-08-12', 20, -1, -1, -1, -1, -1, 286, -1, -1, -1, -1, -1, -1, -1, -1, -1, -1, -1, 33, -1, -1, -1, -1, -1, 82, -1, -1, -1, -1, -1, 151, -1, -1, -1, -1, -1, 219, -1, -1, -1, -1, -1, 7, -1, -1, -1, -1, -1, 36, -1, -1, -1, -1, -1, 37, -1, -1, -1, -1, -1, 38, -1, -1, -1, -1, -1, 39, -1, -1, -1, -1, -1, 148, -1, -1, -1, -1, -1, 108, -1, -1, -1, -1, -1, 18, -1, -1, -1, -1, -1),
(94, 0, 'Agape 3.0 - Tuesday Liturgy', '2007-08-14', 287, -1, -1, -1, -1, -1, 288, -1, -1, -1, -1, -1, -1, -1, -1, -1, -1, -1, 33, -1, -1, -1, -1, -1, 80, -1, -1, -1, -1, -1, 151, -1, -1, -1, -1, -1, 219, -1, -1, -1, -1, -1, 141, -1, -1, -1, -1, -1, 36, -1, -1, -1, -1, -1, 37, -1, -1, -1, -1, -1, 38, -1, -1, -1, -1, -1, 39, -1, -1, -1, -1, -1, 60, -1, -1, -1, -1, -1, 66, -1, -1, -1, -1, -1, 96, -1, -1, -1, -1, -1),
(95, 0, 'Twentieth Sunday in Ordinary Time', '2007-08-19', 83, -1, -1, -1, -1, -1, 81, -1, 559, -1, -1, -1, -1, -1, -1, -1, -1, -1, 255, -1, -1, -1, -1, -1, 53, -1, -1, -1, -1, -1, 151, -1, -1, -1, -1, -1, 219, -1, -1, -1, -1, -1, 245, -1, -1, -1, -1, -1, 36, -1, -1, -1, -1, -1, 37, -1, -1, -1, -1, -1, 38, -1, -1, -1, -1, -1, 39, -1, -1, -1, -1, -1, 1, -1, -1, -1, -1, -1, 133, -1, -1, -1, -1, -1, 84, -1, 560, -1, -1, -1),
(96, 0, 'Twenty-first Sunday in Ordinary Time', '0207-08-26', 215, -1, -1, -1, -1, -1, 288, 1, 561, -1, -1, -1, -1, -1, -1, -1, -1, -1, 255, -1, -1, -1, -1, -1, 289, -1, -1, 563, -1, -1, 151, -1, -1, -1, -1, -1, 219, -1, -1, -1, -1, -1, 152, -1, -1, -1, -1, -1, 36, -1, -1, -1, -1, -1, 37, -1, -1, -1, -1, -1, 38, -1, -1, -1, -1, -1, 39, -1, -1, -1, -1, -1, 119, -1, -1, -1, -1, -1, 283, -1, -1, -1, -1, -1, 67, 1, 562, -1, -1, -1),
(97, 0, 'Twenty-second Sunday in Ordinary Time', '2007-09-02', 198, -1, -1, -1, -1, -1, 58, 1, 564, -1, -1, -1, -1, -1, -1, -1, -1, -1, 255, 1, -1, -1, -1, -1, 73, -1, -1, -1, -1, -1, 151, -1, -1, -1, -1, -1, 219, -1, -1, -1, -1, -1, 279, -1, -1, -1, -1, -1, 36, -1, -1, -1, -1, -1, 37, -1, -1, -1, -1, -1, 38, -1, -1, -1, -1, -1, 39, -1, -1, -1, -1, -1, 238, -1, -1, -1, -1, -1, 108, -1, -1, -1, -1, -1, 21, 1, 565, -1, -1, -1),
(98, 0, 'Twenty-third Sunday in Ordinary Time', '2007-09-09', 198, -1, 566, -1, -1, -1, 168, 1, 567, -1, -1, -1, -1, -1, -1, -1, -1, -1, 255, -1, -1, -1, -1, -1, 102, -1, -1, -1, -1, -1, 151, 1, -1, -1, -1, -1, 219, -1, -1, -1, -1, -1, 180, -1, -1, -1, -1, -1, 36, -1, -1, -1, -1, -1, 37, -1, -1, -1, -1, -1, 38, -1, -1, -1, -1, -1, 39, -1, -1, -1, -1, -1, 167, -1, -1, -1, -1, -1, 291, -1, -1, -1, -1, -1, 264, 1, 568, -1, -1, -1),
(99, 0, 'Wedding of Thu-Tân and Roger', '2007-09-15', -1, -1, -1, -1, -1, -1, 170, -1, -1, -1, -1, -1, 22, -1, -1, -1, -1, -1, 33, -1, -1, -1, -1, -1, 171, -1, -1, 569, -1, -1, 151, -1, -1, -1, -1, -1, -1, -1, -1, -1, -1, -1, 118, -1, -1, -1, -1, -1, 8, -1, -1, -1, -1, -1, 9, -1, -1, -1, -1, -1, 10, -1, -1, -1, -1, -1, 11, -1, -1, -1, -1, -1, 95, -1, -1, -1, -1, -1, 66, -1, -1, -1, -1, -1, 242, -1, -1, -1, -1, -1),
(100, 0, '24th Sunday in Ordinary Time - Third YM/FLOCK Anniversary', '2007-09-16', 83, -1, -1, -1, -1, -1, 194, -1, -1, -1, -1, -1, -1, -1, -1, -1, -1, -1, 255, -1, -1, -1, -1, -1, 290, -1, -1, 572, -1, -1, 151, -1, -1, -1, -1, -1, 219, -1, -1, -1, -1, -1, 104, -1, -1, -1, -1, -1, 36, -1, -1, -1, -1, -1, 37, -1, -1, -1, -1, -1, 38, -1, -1, -1, -1, -1, 39, -1, -1, -1, -1, -1, 60, -1, -1, -1, -1, -1, 231, -1, -1, -1, -1, -1, 197, -1, -1, -1, -1, -1),
(101, 0, 'Twenty-fifth Sunday in Ordinary Time', '2007-09-23', 83, -1, -1, -1, -1, -1, 274, 1, 570, -1, -1, -1, -1, -1, -1, -1, -1, -1, 255, -1, -1, -1, -1, -1, 185, -1, -1, 578, -1, -1, 151, -1, -1, -1, -1, -1, 219, -1, -1, -1, -1, -1, 266, -1, -1, -1, -1, -1, 36, -1, -1, -1, -1, -1, 37, -1, -1, -1, -1, -1, 38, -1, -1, -1, -1, -1, 39, -1, -1, -1, -1, -1, 103, -1, -1, -1, -1, -1, 200, -1, -1, -1, -1, -1, 18, 1, 571, -1, -1, -1),
(102, 0, 'Twenty-sixth Sunday in Ordinary Time', '2007-09-30', 162, -1, -1, -1, -1, -1, 288, 1, 573, -1, -1, -1, -1, -1, -1, -1, -1, -1, 255, 1, -1, -1, -1, -1, 211, -1, -1, 577, -1, -1, 151, -1, -1, -1, -1, -1, 219, -1, -1, -1, -1, -1, 141, -1, -1, -1, -1, -1, 36, -1, -1, -1, -1, -1, 37, -1, -1, -1, -1, -1, 38, -1, -1, -1, -1, -1, 39, -1, -1, -1, -1, -1, 12, -1, -1, -1, -1, -1, 56, -1, -1, -1, -1, -1, 21, 1, 574, -1, -1, -1),
(103, 0, 'Twenty-seventh Sunday in Ordinary Time', '2007-10-07', 20, -1, -1, -1, -1, -1, 176, 1, 575, -1, -1, -1, -1, -1, -1, -1, -1, -1, 255, -1, -1, -1, -1, -1, 64, -1, -1, 581, -1, -1, 151, -1, -1, -1, -1, -1, 219, -1, -1, -1, -1, -1, 190, -1, -1, -1, -1, -1, 36, -1, -1, -1, -1, -1, 37, -1, -1, -1, -1, -1, 38, -1, -1, -1, -1, -1, 39, -1, -1, -1, -1, -1, 114, -1, -1, -1, -1, -1, -1, -1, -1, -1, -1, -1, 264, 1, 576, -1, -1, -1),
(104, 0, 'Twenty-eighth Sunday in Ordinary Time', '2007-10-14', 169, -1, -1, -1, -1, -1, 204, 1, 579, -1, -1, -1, -1, -1, -1, -1, -1, -1, 255, 1, -1, -1, -1, -1, 130, -1, -1, -1, -1, -1, 151, -1, -1, -1, -1, -1, 219, -1, -1, -1, -1, -1, 180, -1, -1, -1, -1, -1, 36, -1, -1, -1, -1, -1, 37, -1, -1, -1, -1, -1, 38, -1, -1, -1, -1, -1, 39, -1, -1, -1, -1, -1, 60, -1, -1, -1, -1, -1, 100, -1, -1, -1, -1, -1, 96, 1, 580, -1, -1, -1),
(105, 0, 'Twenty-ninth Sunday in Ordinary Time', '2007-10-21', 20, -1, -1, -1, -1, -1, 52, -1, -1, -1, -1, -1, -1, -1, -1, -1, -1, -1, 255, -1, -1, -1, -1, -1, 298, -1, -1, 582, -1, -1, 151, -1, -1, -1, -1, -1, 219, -1, -1, -1, -1, -1, 299, -1, -1, -1, -1, -1, 36, -1, -1, -1, -1, -1, 37, -1, -1, -1, -1, -1, 38, -1, -1, -1, -1, -1, 39, -1, -1, -1, -1, -1, 74, -1, -1, -1, -1, -1, 291, -1, -1, -1, -1, -1, 79, -1, -1, -1, -1, -1),
(106, 0, 'Thirtieth Sunday in Ordinary Time', '2007-10-28', 300, 1, -1, -1, -1, -1, 58, 1, 583, -1, -1, -1, -1, -1, -1, -1, -1, -1, 255, -1, -1, -1, -1, -1, 73, -1, -1, 584, -1, -1, 151, -1, -1, -1, -1, -1, 219, -1, -1, -1, -1, -1, 89, 1, -1, -1, -1, -1, 36, -1, -1, -1, -1, -1, 37, -1, -1, -1, -1, -1, 38, -1, -1, -1, -1, -1, 39, -1, -1, -1, -1, -1, 238, -1, -1, -1, -1, -1, 13, -1, -1, -1, -1, -1, 138, 1, 585, -1, -1, -1),
(107, 0, 'Solemnity of All Saints', '2007-11-01', 169, 1, -1, -1, -1, -1, 274, 1, 586, -1, -1, -1, -1, -1, -1, -1, -1, -1, 255, -1, -1, -1, -1, -1, 301, -1, -1, 594, -1, -1, 151, -1, -1, -1, -1, -1, 219, -1, -1, -1, -1, -1, 89, -1, -1, -1, -1, -1, 36, -1, -1, -1, -1, -1, 37, -1, -1, -1, -1, -1, 38, -1, -1, -1, -1, -1, 39, -1, -1, -1, -1, -1, 302, -1, -1, -1, -1, -1, 136, -1, -1, -1, -1, -1, 96, 1, 587, -1, -1, -1),
(108, 0, 'Thirty-first Sunday in Ordinary Time', '2007-11-04', 303, -1, -1, -1, -1, -1, 4, 1, 588, -1, -1, -1, -1, -1, -1, -1, -1, -1, 255, 1, -1, -1, -1, -1, 259, -1, -1, 589, -1, -1, 151, -1, -1, -1, -1, -1, 219, -1, -1, -1, -1, -1, 182, -1, -1, -1, -1, -1, 36, -1, -1, -1, -1, -1, 37, -1, -1, -1, -1, -1, 38, -1, -1, -1, -1, -1, 39, -1, -1, -1, -1, -1, 19, -1, -1, -1, -1, -1, 76, -1, -1, -1, -1, -1, 79, 1, 590, -1, -1, -1),
(109, 0, 'Thirty-second Sunday in Ordinary Time', '2007-11-11', 291, -1, -1, -1, -1, -1, 168, 1, 591, -1, -1, -1, -1, -1, -1, -1, -1, -1, 255, 1, -1, -1, -1, -1, 304, -1, -1, 592, -1, -1, 151, -1, -1, -1, -1, -1, 219, -1, -1, -1, -1, -1, 75, -1, -1, -1, -1, -1, 36, -1, -1, -1, 595, -1, 37, -1, -1, -1, 596, -1, 38, -1, -1, -1, 597, -1, 39, -1, -1, -1, 598, -1, 191, -1, -1, -1, 599, -1, 127, -1, -1, -1, 600, -1, 21, 1, 593, -1, 601, -1),
(110, 0, 'Thirty-third Sunday in Ordinary Time', '2007-11-18', 306, 1, -1, -1, -1, -1, 52, 1, 602, -1, -1, -1, -1, -1, -1, -1, -1, -1, 255, 1, -1, -1, -1, -1, 130, -1, -1, -1, -1, -1, 151, -1, -1, -1, -1, -1, 219, -1, -1, -1, -1, -1, 193, -1, -1, -1, -1, -1, 36, -1, -1, -1, -1, -1, 37, -1, -1, -1, -1, -1, 38, -1, -1, -1, -1, -1, 39, -1, -1, -1, -1, -1, 60, -1, -1, -1, -1, -1, 91, -1, 603, -1, -1, -1, 214, 1, 604, -1, -1, -1),
(111, 0, 'Thanksgiving Day', '2007-11-22', 83, -1, -1, -1, -1, -1, 4, 1, 605, -1, -1, -1, -1, -1, -1, -1, -1, -1, 255, -1, -1, -1, -1, -1, 234, -1, -1, -1, -1, -1, 151, -1, -1, -1, -1, -1, 219, -1, -1, -1, -1, -1, 59, -1, 606, -1, -1, -1, 36, -1, -1, -1, -1, -1, 37, -1, -1, -1, -1, -1, 38, -1, -1, -1, -1, -1, 39, -1, -1, -1, -1, -1, 60, -1, -1, -1, -1, -1, 214, -1, -1, -1, -1, -1, 21, -1, 607, -1, -1, -1),
(112, 0, 'The Solemnity of Christ the King', '2007-11-25', 215, -1, -1, -1, -1, -1, 131, 1, 608, -1, -1, -1, -1, -1, -1, -1, -1, -1, 255, 1, -1, -1, -1, -1, 305, -1, -1, -1, -1, -1, 151, -1, -1, -1, -1, -1, 219, -1, -1, -1, -1, -1, 7, -1, 609, -1, -1, -1, 36, -1, -1, -1, -1, -1, 37, -1, -1, -1, -1, -1, 38, -1, -1, -1, -1, -1, 39, -1, -1, -1, -1, -1, 142, -1, -1, -1, -1, -1, 143, -1, -1, -1, -1, -1, 3, 1, 610, -1, -1, -1),
(113, 0, 'First Sunday of Advent', '2007-12-02', -1, -1, -1, -1, -1, -1, 217, 1, 631, -1, 611, -1, 22, -1, -1, -1, 612, -1, -1, -1, -1, -1, -1, -1, 305, -1, -1, 613, 614, -1, 241, -1, -1, -1, 615, -1, 219, -1, -1, -1, 616, -1, 28, -1, -1, -1, 617, -1, 8, -1, -1, -1, 618, -1, 9, -1, -1, -1, 619, -1, 10, -1, -1, -1, 620, -1, 11, -1, -1, -1, 621, -1, 12, -1, -1, -1, 622, -1, 291, -1, -1, -1, 638, -1, 307, -1, 632, -1, 624, -1),
(114, 0, 'Second Sunday of Advent', '2007-12-09', 169, -1, -1, -1, 625, -1, 217, 1, 633, -1, 626, -1, 22, -1, -1, -1, 643, -1, -1, -1, -1, -1, -1, -1, 49, -1, 637, 641, 644, -1, 241, -1, -1, -1, 628, -1, 219, -1, -1, -1, 629, -1, 16, -1, -1, -1, 645, -1, 8, -1, -1, -1, -1, -1, 9, -1, -1, -1, -1, -1, 10, -1, -1, -1, -1, -1, 11, -1, -1, -1, -1, -1, 148, -1, -1, -1, -1, -1, 26, -1, -1, -1, 627, -1, 27, 1, 634, -1, -1, -1);
INSERT INTO `LITURGIES` (`id`, `template`, `title`, `date`, `prelude`, `preludeperc`, `preludenote`, `preludesingers`, `preludepianist`, `preludeconductor`, `processional`, `processionalperc`, `processionalnote`, `processionalsingers`, `processionalpianist`, `processionalconductor`, `kyrie`, `kyrieperc`, `kyrienote`, `kyriesingers`, `kyriepianist`, `kyrieconductor`, `gloria`, `gloriaperc`, `glorianote`, `gloriasingers`, `gloriapianist`, `gloriaconductor`, `responsorial`, `responsorialperc`, `responsorialnote`, `responsorialsingers`, `responsorialpianist`, `responsorialconductor`, `gospelAccl`, `gospelAcclperc`, `gospelAcclnote`, `gospelAcclsingers`, `gospelAcclpianist`, `gospelAcclconductor`, `intercessional`, `intercessionalperc`, `intercessionalnote`, `intercessionalsingers`, `intercessionalpianist`, `intercessionalconductor`, `offertory`, `offertoryperc`, `offertorynote`, `offertorysingers`, `offertorypianist`, `offertoryconductor`, `holy`, `holyperc`, `holynote`, `holysingers`, `holypianist`, `holyconductor`, `memorialAccl`, `memorialAcclperc`, `memorialAcclnote`, `memorialAcclsingers`, `memorialAcclpianist`, `memorialAcclconductor`, `amen`, `amenperc`, `amennote`, `amensingers`, `amenpianist`, `amenconductor`, `lamb`, `lambperc`, `lambnote`, `lambsingers`, `lambpianist`, `lambconductor`, `communion`, `communionperc`, `communionnote`, `communionsingers`, `communionpianist`, `communionconductor`, `praise`, `praiseperc`, `praisenote`, `praisesingers`, `praisepianist`, `praiseconductor`, `recessional`, `recessionalperc`, `recessionalnote`, `recessionalsingers`, `recessionalpianist`, `recessionalconductor`) VALUES
(115, 0, 'Third Sunday of Advent', '2007-12-16', 308, -1, -1, -1, 646, -1, 217, -1, -1, -1, 639, -1, 22, -1, -1, -1, 647, -1, -1, -1, -1, -1, -1, -1, 309, -1, 630, 642, 648, -1, 241, -1, -1, -1, 649, -1, 219, -1, -1, -1, 650, -1, 23, -1, -1, -1, 651, -1, 8, -1, -1, -1, 652, -1, 9, -1, -1, -1, 653, -1, 10, -1, -1, -1, 654, -1, 11, -1, -1, -1, 655, -1, 99, -1, -1, -1, 656, -1, 61, -1, 657, -1, -1, -1, 67, -1, -1, -1, 658, -1),
(116, 0, 'Fourth Sunday of Advent', '2007-12-23', 300, -1, -1, -1, 659, -1, 217, 1, -1, -1, 640, -1, 22, -1, -1, -1, 678, -1, -1, -1, -1, -1, -1, -1, 301, -1, 635, -1, 679, -1, 241, -1, -1, -1, 665, -1, 219, -1, -1, -1, -1, -1, 28, -1, -1, -1, 677, -1, 8, -1, -1, -1, 661, -1, 9, -1, -1, -1, 662, -1, 10, -1, -1, -1, 663, -1, 11, -1, -1, -1, 664, -1, 1, -1, -1, -1, 676, -1, 291, -1, -1, -1, -1, -1, 310, -1, 636, -1, 660, -1),
(117, 0, 'The Nativity of the Lord - Day', '2007-12-25', -1, -1, -1, -1, -1, -1, 32, -1, -1, -1, -1, -1, -1, -1, -1, -1, -1, -1, 33, -1, -1, -1, -1, -1, 34, -1, -1, -1, -1, -1, 241, -1, -1, -1, -1, -1, 219, -1, -1, -1, -1, -1, 311, -1, -1, -1, -1, -1, 312, -1, -1, -1, 672, -1, 313, -1, -1, -1, 673, -1, 314, -1, -1, -1, 674, -1, 315, -1, -1, -1, 675, -1, 222, -1, -1, -1, -1, -1, 223, -1, -1, -1, -1, -1, 47, -1, -1, -1, -1, -1),
(118, 0, 'Holy Family', '2007-12-30', 316, -1, -1, -1, -1, -1, 44, 1, -1, -1, -1, -1, -1, -1, -1, -1, -1, -1, 33, -1, -1, -1, -1, -1, 171, -1, -1, 684, -1, -1, 241, -1, -1, -1, -1, -1, 219, -1, -1, -1, -1, -1, 225, -1, -1, -1, -1, -1, 312, -1, -1, -1, 668, -1, 313, -1, -1, -1, 669, -1, 314, -1, -1, -1, 670, -1, 315, -1, -1, -1, 671, -1, 172, -1, -1, -1, -1, -1, 317, -1, -1, 666, 667, -1, 47, 1, -1, -1, -1, -1),
(119, 0, 'The Epiphany of the Lord', '2008-01-06', 321, 1, -1, -1, -1, -1, 48, 1, -1, -1, 686, -1, -1, -1, -1, -1, -1, -1, 33, -1, -1, -1, 687, -1, 49, -1, 680, -1, -1, -1, 241, -1, -1, -1, 688, -1, 219, -1, -1, -1, 689, -1, 322, -1, -1, -1, 690, -1, 312, -1, -1, -1, 691, -1, 313, -1, -1, -1, 692, -1, 314, -1, -1, -1, 693, -1, 315, -1, -1, -1, 694, -1, 50, -1, -1, -1, 695, -1, 323, -1, -1, -1, 696, -1, 226, 1, -1, -1, -1, -1),
(120, 0, 'The Baptism of the Lord', '2008-01-13', -1, -1, -1, -1, -1, -1, 324, 1, -1, -1, -1, -1, -1, -1, -1, -1, -1, -1, 33, 1, -1, -1, -1, -1, 327, -1, 681, -1, -1, -1, 241, -1, -1, -1, -1, -1, 219, -1, -1, -1, -1, -1, 325, -1, -1, -1, -1, -1, 312, -1, -1, -1, -1, -1, 313, -1, -1, -1, -1, -1, 314, -1, -1, -1, -1, -1, 315, -1, -1, -1, -1, -1, 228, -1, -1, -1, -1, -1, 326, -1, -1, -1, -1, -1, 306, 1, -1, -1, -1, -1),
(121, 0, 'Second Sunday in Ordinary Time', '2008-01-20', 308, 1, -1, -1, -1, -1, 131, 1, 682, -1, -1, -1, -1, -1, -1, -1, -1, -1, 33, -1, -1, -1, -1, -1, 53, -1, -1, -1, -1, -1, 241, -1, -1, -1, -1, -1, 219, -1, -1, -1, -1, -1, 180, -1, -1, -1, -1, -1, 312, -1, -1, -1, -1, -1, 313, -1, -1, -1, -1, -1, 314, -1, -1, -1, -1, -1, 315, -1, -1, -1, -1, -1, 329, -1, -1, -1, -1, -1, 227, -1, -1, -1, -1, -1, 280, 1, 683, -1, -1, -1),
(122, 0, 'Third Sunday in Ordinary Time', '2008-01-27', 330, 1, -1, -1, -1, -1, 324, 1, -1, -1, -1, -1, -1, -1, -1, -1, -1, -1, 33, 1, -1, -1, -1, -1, 195, -1, -1, -1, -1, -1, 241, -1, -1, -1, -1, -1, 219, -1, -1, -1, -1, -1, 331, -1, -1, -1, -1, -1, 312, -1, -1, -1, -1, -1, 313, -1, -1, -1, -1, -1, 314, -1, -1, -1, -1, -1, 315, -1, -1, -1, -1, -1, 54, -1, -1, -1, -1, -1, 291, -1, -1, -1, -1, -1, 332, 1, 685, -1, -1, -1),
(123, 0, 'Fourth Sunday in Ordinary Time', '2008-02-03', 169, 1, -1, -1, -1, -1, 63, 1, -1, -1, -1, -1, -1, -1, -1, -1, -1, -1, 33, -1, -1, -1, -1, -1, 211, -1, -1, -1, -1, -1, 241, -1, -1, -1, -1, -1, 219, -1, -1, -1, -1, -1, 333, -1, -1, -1, -1, -1, 312, -1, -1, -1, -1, -1, 313, -1, -1, -1, -1, -1, 314, -1, -1, -1, -1, -1, 315, -1, -1, -1, -1, -1, 213, -1, -1, -1, -1, -1, 66, -1, -1, -1, -1, -1, 197, 1, 697, -1, -1, -1),
(124, 0, 'Ash Wednesday', '2008-02-06', -1, -1, -1, -1, -1, -1, 334, 1, -1, -1, -1, -1, 22, -1, -1, -1, -1, -1, -1, -1, -1, -1, -1, -1, 290, -1, -1, 698, -1, -1, 35, -1, -1, -1, -1, -1, 219, -1, -1, -1, -1, -1, 335, -1, -1, -1, -1, -1, 339, -1, -1, -1, -1, -1, -1, -1, -1, -1, -1, -1, 10, -1, -1, -1, -1, -1, 339, -1, -1, -1, -1, -1, 94, -1, -1, -1, -1, -1, 91, -1, -1, -1, -1, -1, 291, -1, -1, -1, -1, -1),
(125, 0, 'First Sunday of Lent', '2008-02-10', 300, -1, -1, -1, -1, -1, 239, 1, -1, -1, -1, -1, 22, -1, -1, -1, -1, -1, -1, -1, -1, -1, -1, -1, 290, -1, -1, -1, -1, -1, 35, -1, -1, -1, -1, -1, 219, -1, -1, -1, -1, -1, 336, -1, -1, -1, -1, -1, 85, -1, -1, -1, -1, -1, 86, -1, -1, -1, -1, -1, 87, -1, -1, -1, -1, -1, 88, -1, -1, -1, -1, -1, 19, -1, -1, -1, -1, -1, 337, -1, -1, -1, -1, -1, 291, -1, -1, -1, -1, -1),
(126, 0, 'Second Sunday of Lent', '2008-02-17', 84, -1, -1, -1, -1, -1, 92, -1, -1, -1, -1, -1, 22, -1, -1, -1, -1, -1, -1, -1, -1, -1, -1, -1, 205, -1, -1, -1, -1, -1, 340, -1, -1, -1, -1, -1, -1, -1, -1, -1, -1, -1, 335, -1, -1, -1, -1, -1, 85, -1, -1, -1, -1, -1, 86, -1, -1, -1, -1, -1, 87, -1, -1, -1, -1, -1, 88, -1, -1, -1, -1, -1, 337, -1, -1, -1, -1, -1, 291, -1, -1, -1, -1, -1, 291, -1, -1, -1, -1, -1),
(127, 0, 'Third Sunday of Lent', '2008-02-24', 308, -1, -1, -1, -1, -1, 92, -1, -1, -1, -1, -1, 22, -1, -1, -1, -1, -1, -1, -1, -1, -1, -1, -1, 64, -1, -1, -1, -1, -1, 340, -1, -1, -1, -1, -1, 219, -1, -1, -1, -1, -1, 103, -1, -1, -1, -1, -1, 85, -1, -1, -1, -1, -1, 86, -1, -1, -1, -1, -1, 87, -1, -1, -1, -1, -1, 88, -1, -1, -1, -1, -1, 341, -1, -1, -1, -1, -1, 231, -1, -1, -1, -1, -1, -1, -1, -1, -1, -1, -1),
(128, 0, 'Fourth Sunday of Lent', '2008-03-02', -1, -1, -1, -1, -1, -1, 92, 1, -1, -1, -1, -1, 22, -1, -1, -1, -1, -1, -1, -1, -1, -1, -1, -1, 342, -1, -1, -1, -1, -1, 340, -1, -1, -1, -1, -1, 219, -1, -1, -1, -1, -1, 196, -1, -1, -1, -1, -1, 85, -1, -1, -1, -1, -1, 86, -1, -1, -1, -1, -1, 87, -1, -1, -1, -1, -1, 88, -1, -1, -1, -1, -1, 126, -1, -1, -1, -1, -1, 108, -1, -1, -1, -1, -1, 291, -1, -1, -1, -1, -1),
(129, 0, 'Fifth Sunday of Lent', '2008-03-09', 343, -1, -1, -1, -1, -1, 92, -1, -1, -1, -1, -1, 22, -1, -1, -1, -1, -1, -1, -1, -1, -1, -1, -1, 344, -1, -1, -1, -1, -1, 340, -1, -1, -1, -1, -1, 219, -1, -1, -1, -1, -1, 152, -1, -1, -1, -1, -1, 85, -1, -1, -1, -1, -1, 86, -1, -1, -1, -1, -1, 87, -1, -1, -1, -1, -1, 88, -1, -1, -1, -1, -1, 191, -1, -1, -1, -1, -1, 256, -1, -1, -1, -1, -1, 291, -1, -1, -1, -1, -1),
(130, 0, 'Palm Sunday of the Passion', '2008-03-16', -1, -1, -1, -1, -1, -1, 131, 1, -1, -1, -1, -1, 22, -1, -1, -1, -1, -1, -1, -1, -1, -1, -1, -1, 246, -1, -1, -1, -1, -1, 340, -1, -1, -1, -1, -1, 219, -1, -1, -1, -1, -1, 247, -1, -1, -1, -1, -1, 85, -1, -1, -1, -1, -1, 86, -1, -1, -1, -1, -1, 87, -1, -1, -1, -1, -1, 88, -1, -1, -1, -1, -1, 248, -1, 699, -1, -1, -1, 249, -1, 700, -1, -1, -1, -1, -1, -1, -1, -1, -1),
(131, 0, 'Easter Sunday', '2008-03-23', -1, -1, -1, -1, -1, -1, 134, 1, 703, -1, -1, -1, -1, -1, -1, -1, -1, -1, 33, 1, -1, -1, -1, -1, 111, 1, -1, -1, -1, -1, 35, -1, 701, -1, -1, -1, 219, -1, -1, -1, -1, -1, 346, 1, -1, -1, -1, -1, 36, -1, -1, -1, -1, -1, 37, -1, -1, -1, -1, -1, 38, -1, -1, -1, -1, -1, 39, -1, -1, -1, -1, -1, 119, -1, -1, -1, -1, -1, 347, -1, -1, -1, -1, -1, 252, 1, 702, -1, -1, -1),
(132, 0, 'Second Sunday of Easter-Divine Mercy', '2008-03-30', -1, -1, -1, -1, -1, -1, 252, 1, -1, -1, -1, -1, -1, -1, -1, -1, -1, -1, 33, 1, -1, -1, -1, -1, 116, 1, -1, 704, -1, -1, 35, -1, -1, -1, -1, -1, 219, -1, -1, -1, -1, -1, 123, -1, -1, -1, -1, -1, 36, -1, -1, -1, -1, -1, 37, -1, -1, -1, -1, -1, 38, -1, -1, -1, -1, -1, 39, -1, -1, -1, -1, -1, 153, -1, -1, -1, -1, -1, 256, -1, -1, -1, -1, -1, 348, 1, -1, -1, -1, -1),
(133, 0, 'Third Sunday of Easter', '2008-04-06', -1, -1, -1, -1, -1, -1, 350, 1, 707, -1, -1, -1, -1, -1, -1, -1, -1, -1, 33, 1, -1, -1, -1, -1, 278, 1, -1, 706, -1, -1, 35, -1, -1, -1, -1, -1, 219, -1, -1, -1, -1, -1, 351, -1, -1, -1, -1, -1, 36, -1, -1, -1, -1, -1, 37, -1, -1, -1, -1, -1, 38, -1, -1, -1, -1, -1, 39, -1, -1, -1, -1, -1, 352, -1, -1, -1, -1, -1, 100, -1, -1, -1, -1, -1, 348, 1, 708, -1, -1, -1),
(134, 0, 'Fourth Sunday of Easter', '2008-04-13', -1, -1, -1, -1, -1, -1, 350, 1, -1, -1, -1, -1, -1, -1, -1, -1, -1, -1, 33, 1, -1, -1, -1, -1, 342, -1, -1, 705, -1, -1, 35, -1, -1, -1, -1, -1, 219, -1, -1, -1, -1, -1, 353, -1, -1, -1, -1, -1, 36, -1, -1, -1, -1, -1, 37, -1, -1, -1, -1, -1, 38, -1, -1, -1, -1, -1, 39, -1, -1, -1, -1, -1, 119, -1, -1, -1, -1, -1, 349, -1, -1, -1, -1, -1, 79, 1, 709, -1, -1, -1),
(135, 0, 'Confirmation Retreat Mass', '2008-04-05', 108, -1, -1, -1, -1, -1, 4, 1, -1, -1, -1, -1, -1, -1, -1, -1, -1, -1, 33, 1, -1, -1, -1, -1, 73, -1, -1, -1, -1, -1, 151, -1, -1, -1, -1, -1, 219, -1, -1, -1, -1, -1, 354, -1, -1, -1, -1, -1, 36, -1, -1, -1, -1, -1, 37, -1, -1, -1, -1, -1, 38, -1, -1, -1, -1, -1, 39, -1, -1, -1, -1, -1, 31, -1, -1, -1, -1, -1, -1, -1, -1, -1, -1, -1, 14, 1, -1, -1, -1, -1),
(136, 0, 'Fifth Sunday of Easter', '2008-04-20', 321, -1, -1, -1, -1, -1, 355, 1, 710, -1, -1, -1, -1, -1, -1, -1, -1, -1, 33, 1, -1, -1, -1, -1, 205, -1, -1, 711, -1, -1, 35, -1, -1, -1, -1, -1, 319, -1, 714, -1, -1, -1, 356, -1, -1, -1, -1, -1, 36, -1, -1, -1, 715, -1, 37, -1, -1, -1, 716, -1, 38, -1, -1, -1, 717, -1, 39, -1, -1, -1, 718, -1, 60, -1, -1, -1, -1, -1, 357, -1, 719, -1, -1, -1, 358, 1, 712, -1, -1, -1),
(137, 0, 'Anne & Jeremy''s Wedding', '2008-05-10', -1, -1, -1, -1, -1, -1, 170, 1, -1, -1, -1, -1, -1, -1, -1, -1, -1, -1, 33, -1, -1, -1, -1, -1, 177, -1, -1, 713, -1, -1, 35, -1, -1, -1, -1, -1, 219, -1, -1, -1, -1, -1, 202, -1, -1, -1, -1, -1, 36, -1, -1, -1, -1, -1, 37, -1, -1, -1, -1, -1, 38, -1, -1, -1, -1, -1, 39, -1, -1, -1, -1, -1, 18, -1, -1, -1, -1, -1, 360, -1, -1, -1, -1, -1, 188, 1, -1, -1, -1, -1),
(138, 0, 'Sixth Sunday of Easter', '2008-04-27', -1, -1, -1, -1, -1, -1, 4, -1, -1, -1, -1, -1, -1, -1, -1, -1, -1, -1, 33, -1, -1, -1, -1, -1, 124, -1, -1, -1, -1, -1, 35, -1, -1, -1, -1, -1, 219, -1, -1, -1, -1, -1, 359, -1, -1, -1, -1, -1, 36, -1, -1, -1, -1, -1, 37, -1, -1, -1, -1, -1, 38, -1, -1, -1, -1, -1, 39, -1, -1, -1, -1, -1, 213, -1, -1, -1, -1, -1, 76, -1, -1, -1, -1, -1, 358, 1, -1, -1, -1, -1),
(139, 0, 'Hai''s Mom''s Wedding', '2008-05-02', -1, -1, -1, -1, -1, -1, 284, -1, -1, -1, -1, -1, 22, -1, -1, -1, -1, -1, 33, -1, -1, -1, -1, -1, 171, -1, -1, -1, -1, -1, 151, -1, -1, -1, -1, -1, 219, -1, -1, -1, -1, -1, 202, -1, -1, -1, -1, -1, 36, -1, -1, -1, -1, -1, 37, -1, -1, -1, -1, -1, 38, -1, -1, -1, -1, -1, 39, -1, -1, -1, -1, -1, 60, -1, -1, -1, -1, -1, 120, -1, -1, -1, -1, -1, 188, -1, -1, -1, -1, -1),
(140, 0, 'The Ascension of the Lord', '2008-05-04', -1, -1, -1, -1, -1, -1, 362, -1, 720, -1, -1, -1, -1, -1, -1, -1, -1, -1, 33, -1, 731, -1, 738, -1, 364, -1, 723, 739, 737, -1, 35, -1, 732, -1, -1, -1, 219, -1, 724, -1, 725, -1, 152, -1, -1, -1, -1, -1, 36, -1, 733, -1, -1, -1, 37, -1, 734, -1, -1, -1, 38, -1, 735, -1, -1, -1, 39, -1, 736, -1, -1, -1, 1, -1, 726, -1, 727, -1, 143, -1, 728, -1, 729, -1, 363, -1, 721, -1, 730, -1),
(141, 0, 'Pentecost', '2008-05-11', -1, -1, -1, -1, -1, -1, 194, 1, 753, -1, 763, -1, -1, -1, -1, -1, -1, -1, 33, -1, 743, -1, 764, -1, 263, -1, 754, 740, 752, -1, 35, -1, 744, 749, 762, -1, 219, -1, 755, 751, 767, -1, 354, -1, 756, -1, 766, -1, 36, -1, 757, -1, 745, -1, 37, -1, 758, -1, 746, -1, 38, -1, 759, -1, 747, -1, 39, -1, 760, -1, 748, -1, 90, -1, 761, -1, 741, -1, 229, -1, 750, -1, 742, -1, 363, 1, 722, -1, 765, -1),
(142, 0, 'The Solemnity of the Most Holy Trinity', '2008-05-18', -1, -1, -1, -1, -1, -1, 72, 1, 768, -1, -1, -1, -1, -1, -1, -1, -1, -1, 368, -1, -1, -1, -1, -1, 259, -1, -1, -1, -1, -1, 369, -1, -1, -1, -1, -1, 219, -1, -1, -1, -1, -1, 365, -1, -1, -1, -1, -1, 370, -1, -1, -1, -1, -1, 371, -1, -1, -1, -1, -1, 372, -1, -1, -1, -1, -1, 373, -1, -1, -1, -1, -1, 153, -1, -1, -1, -1, -1, 291, -1, -1, -1, -1, -1, 366, 1, 769, -1, -1, -1),
(143, 0, 'Solemnity of the Most Holy Body and Blood of Christ', '2008-05-25', -1, -1, -1, -1, -1, -1, 274, 1, 770, -1, -1, -1, -1, -1, -1, -1, -1, -1, 368, -1, 773, -1, -1, -1, 374, -1, -1, 783, 784, -1, 369, -1, 774, -1, -1, -1, 219, -1, -1, -1, -1, -1, 182, -1, 775, -1, 776, -1, 370, -1, 777, -1, -1, -1, 371, -1, 778, -1, -1, -1, 372, -1, 779, -1, -1, -1, 373, -1, 780, -1, -1, -1, 367, -1, 772, -1, 781, -1, 159, -1, 782, -1, 785, -1, 27, 1, 771, -1, -1, -1),
(144, 0, 'Ninth Sunday in Ordinary Time', '2008-06-01', -1, -1, -1, -1, -1, -1, 83, -1, 786, -1, 787, -1, -1, -1, -1, -1, -1, -1, 368, -1, 799, -1, 788, -1, 375, -1, 800, 812, 811, -1, 369, -1, 801, -1, 789, -1, 219, -1, 802, -1, 790, -1, 103, -1, 803, -1, 791, -1, 370, -1, 804, -1, 792, -1, 371, -1, 805, -1, 793, -1, 372, -1, 806, -1, 794, -1, 373, -1, 807, -1, 795, -1, 341, -1, 808, -1, 796, -1, 91, -1, 809, -1, 797, -1, 96, -1, 810, -1, 798, -1),
(145, 0, 'Tenth Sunday in Ordinary Time', '2008-06-08', -1, -1, -1, -1, -1, -1, 58, -1, 813, -1, 814, -1, -1, -1, -1, -1, -1, -1, 368, -1, 815, -1, 818, -1, 328, -1, 816, 839, 817, -1, 369, -1, 831, -1, 829, -1, 219, -1, 838, -1, 830, -1, 55, -1, 837, -1, 828, -1, 370, -1, 832, -1, 823, -1, 371, -1, 833, -1, 824, -1, 372, -1, 834, -1, 825, -1, 373, -1, 835, -1, 826, -1, 31, -1, 836, -1, 827, -1, 13, -1, 821, -1, 822, -1, 67, -1, 819, -1, 820, -1),
(146, 0, 'Eleventh Sunday In Ordinary Time', '2008-06-15', -1, -1, -1, -1, -1, -1, 355, -1, -1, -1, -1, -1, -1, -1, -1, -1, -1, -1, 368, -1, -1, -1, -1, -1, 82, -1, -1, -1, -1, -1, 369, -1, -1, -1, -1, -1, 219, -1, -1, -1, -1, -1, 354, -1, -1, -1, -1, -1, 370, -1, -1, -1, -1, -1, 371, -1, -1, -1, -1, -1, 372, -1, -1, -1, -1, -1, 373, -1, -1, -1, -1, -1, 376, -1, -1, -1, -1, -1, 250, -1, -1, -1, -1, -1, 105, -1, -1, -1, -1, -1),
(147, 0, 'Twentieth Sunday in Ordinary Time', '2008-08-17', -1, -1, -1, -1, -1, -1, 168, 1, 842, -1, -1, -1, -1, -1, -1, -1, -1, -1, 33, 1, -1, -1, -1, -1, 261, -1, 840, -1, -1, -1, 151, 1, -1, -1, -1, -1, -1, -1, -1, -1, -1, -1, 75, -1, 843, -1, -1, -1, 36, -1, -1, -1, -1, -1, 37, -1, -1, -1, -1, -1, 38, -1, -1, -1, -1, -1, 39, -1, -1, -1, -1, -1, 114, -1, -1, -1, -1, -1, 291, -1, 844, -1, -1, -1, 377, 1, 841, -1, -1, -1),
(148, 0, 'Twenty-first Sunday in Ordinary Time', '2008-08-24', -1, -1, -1, -1, -1, -1, 348, 1, 845, -1, -1, -1, -1, -1, -1, -1, -1, -1, 33, 1, -1, -1, -1, -1, 82, -1, -1, -1, -1, -1, 151, 1, -1, -1, -1, -1, -1, -1, -1, -1, -1, -1, 65, -1, 846, -1, -1, -1, 36, -1, -1, -1, -1, -1, 37, -1, -1, -1, -1, -1, 38, -1, -1, -1, -1, -1, 39, -1, -1, -1, -1, -1, 376, -1, 847, -1, -1, -1, 54, -1, 848, -1, -1, -1, 363, 1, 849, -1, -1, -1),
(149, 0, 'Twenty-second Sunday in Ordinary Time', '2008-08-31', -1, -1, -1, -1, -1, -1, 348, 1, -1, -1, -1, -1, -1, -1, -1, -1, -1, -1, 33, 1, -1, -1, -1, -1, 328, -1, -1, -1, -1, -1, 151, 1, -1, -1, -1, -1, -1, -1, -1, -1, -1, -1, 137, -1, -1, -1, -1, -1, 36, -1, -1, -1, -1, -1, 37, -1, -1, -1, -1, -1, 38, -1, -1, -1, -1, -1, 39, -1, -1, -1, -1, -1, 228, -1, -1, -1, -1, -1, 13, -1, -1, -1, -1, -1, 67, 1, -1, -1, -1, -1),
(150, 0, 'Twenty-third Sunday Ordinary Time', '2008-09-07', -1, -1, -1, -1, -1, -1, 156, 1, 850, -1, -1, -1, -1, -1, -1, -1, -1, -1, 33, -1, -1, -1, -1, -1, 380, -1, -1, 851, -1, -1, 151, 1, -1, -1, -1, -1, -1, -1, -1, -1, -1, -1, 172, -1, -1, -1, -1, -1, 36, -1, -1, -1, -1, -1, 37, -1, -1, -1, -1, -1, 38, -1, -1, -1, -1, -1, 39, -1, -1, -1, -1, -1, 341, -1, -1, -1, -1, -1, 94, -1, -1, -1, -1, -1, 96, 1, 852, -1, -1, -1),
(151, 0, 'Ken & Jen''s Wedding', '2008-09-13', -1, -1, -1, -1, -1, -1, 274, -1, -1, -1, -1, -1, 22, -1, -1, -1, -1, -1, 33, -1, -1, -1, -1, -1, 177, -1, -1, -1, -1, -1, 151, -1, -1, -1, -1, -1, -1, -1, -1, -1, -1, -1, 202, -1, -1, -1, -1, -1, 36, -1, -1, -1, -1, -1, 37, -1, -1, -1, -1, -1, 38, -1, -1, -1, -1, -1, 39, -1, -1, -1, -1, -1, 172, -1, -1, -1, -1, -1, 66, -1, -1, -1, -1, -1, 188, -1, -1, -1, -1, -1),
(152, 0, 'Exaltation of the Cross - Fourth Anniversary', '2008-09-14', -1, -1, -1, -1, -1, -1, 194, -1, -1, -1, -1, -1, -1, -1, -1, -1, -1, -1, 33, -1, -1, -1, -1, -1, 82, -1, -1, -1, -1, -1, 151, -1, -1, -1, -1, -1, -1, -1, -1, -1, -1, -1, 379, -1, -1, -1, -1, -1, 36, -1, -1, -1, -1, -1, 37, -1, -1, -1, -1, -1, 38, -1, -1, -1, -1, -1, 39, -1, -1, -1, -1, -1, 376, -1, -1, -1, -1, -1, 229, -1, -1, -1, -1, -1, 197, -1, -1, -1, -1, -1),
(153, 1, 'Twenty-sixth Sunday in Ordinary Time', '2008-09-26', -1, -1, -1, -1, -1, -1, 381, 1, 853, -1, -1, -1, -1, -1, -1, -1, -1, -1, 33, -1, -1, -1, -1, -1, 15, -1, -1, -1, -1, -1, 151, -1, -1, -1, -1, -1, -1, -1, -1, -1, -1, -1, 7, -1, 854, -1, -1, -1, 36, -1, -1, -1, -1, -1, 37, -1, -1, -1, -1, -1, 38, -1, -1, -1, -1, -1, 39, -1, -1, -1, -1, -1, 74, -1, -1, -1, -1, -1, 382, -1, -1, -1, -1, -1, 363, 1, 855, -1, -1, -1),
(154, 0, 'Twenty-seventh Sunday in Ordinary Time', '2008-10-05', -1, -1, -1, -1, 308, -1, 324, -1, -1, -1, -1, -1, -1, -1, -1, -1, -1, -1, 33, -1, -1, -1, -1, -1, 383, -1, -1, -1, -1, -1, 151, -1, -1, -1, -1, -1, -1, -1, -1, -1, -1, -1, 331, -1, -1, -1, -1, -1, 36, -1, -1, -1, -1, -1, 37, -1, -1, -1, -1, -1, 38, -1, -1, -1, -1, -1, 39, -1, -1, -1, -1, -1, 148, -1, -1, -1, -1, -1, 384, -1, -1, -1, -1, -1, 377, -1, -1, -1, -1, -1),
(155, 0, 'Twenty-eigth Sunday in Ordinary Time', '2008-10-12', 169, -1, -1, -1, -1, -1, 274, -1, -1, -1, -1, -1, -1, -1, -1, -1, -1, -1, 33, -1, -1, -1, -1, -1, 342, -1, -1, 856, -1, -1, 151, -1, -1, -1, -1, -1, -1, -1, -1, -1, -1, -1, 385, -1, -1, -1, -1, -1, 36, -1, -1, -1, -1, -1, 37, -1, -1, -1, -1, -1, 38, -1, -1, -1, -1, -1, 39, -1, -1, -1, -1, -1, 384, -1, -1, -1, -1, -1, 167, -1, -1, -1, -1, -1, 386, -1, -1, -1, -1, -1),
(156, 0, 'Twenty-ninth Sunday in Ordinary Time', '2008-10-19', 127, -1, -1, -1, -1, -1, 58, -1, -1, -1, -1, -1, -1, -1, -1, -1, -1, -1, 33, -1, -1, -1, -1, -1, 387, -1, -1, -1, -1, -1, 151, -1, -1, -1, -1, -1, -1, -1, -1, -1, -1, -1, 13, -1, -1, -1, -1, -1, 36, -1, -1, -1, -1, -1, 37, -1, -1, -1, -1, -1, 38, -1, -1, -1, -1, -1, 39, -1, -1, -1, -1, -1, 19, -1, -1, -1, -1, -1, 388, -1, -1, -1, -1, -1, 21, -1, 857, -1, -1, -1),
(157, 0, 'Thirtieth Sunday in Ordinary Time', '2008-10-26', 389, -1, -1, -1, -1, -1, 288, -1, -1, -1, -1, -1, -1, -1, -1, -1, -1, -1, 33, -1, -1, -1, -1, -1, 210, -1, -1, -1, -1, -1, 151, -1, -1, -1, -1, -1, -1, -1, -1, -1, -1, -1, 141, -1, -1, -1, -1, -1, 36, -1, -1, -1, -1, -1, 37, -1, -1, -1, -1, -1, 38, -1, -1, -1, -1, -1, 39, -1, -1, -1, -1, -1, 172, -1, -1, -1, -1, -1, 133, -1, -1, -1, -1, -1, 264, -1, 861, -1, -1, -1),
(158, 0, 'The Commemoration of All the Faithful Departed', '2008-11-02', 76, -1, 867, -1, -1, -1, 113, -1, 862, -1, -1, -1, -1, -1, -1, -1, -1, -1, 33, -1, -1, -1, -1, -1, 166, -1, 868, 865, -1, -1, 151, -1, -1, -1, -1, -1, -1, -1, -1, -1, -1, -1, 391, -1, -1, -1, -1, -1, 36, -1, -1, -1, -1, -1, 37, -1, -1, -1, -1, -1, 38, -1, -1, -1, -1, -1, 39, -1, -1, -1, -1, -1, 167, -1, 869, -1, -1, -1, 390, -1, 866, -1, -1, -1, 79, 1, 864, -1, -1, -1),
(159, 0, 'Feast of the Dedication of the Lateran Basilica in Rome', '2008-11-09', 330, -1, -1, -1, -1, -1, 392, -1, -1, -1, -1, -1, -1, -1, -1, -1, -1, -1, 33, -1, -1, -1, -1, -1, 305, -1, -1, 870, -1, -1, 151, -1, -1, -1, -1, -1, -1, -1, -1, -1, -1, -1, 181, -1, -1, -1, -1, -1, 36, -1, -1, -1, -1, -1, 37, -1, -1, -1, -1, -1, 38, -1, -1, -1, -1, -1, 39, -1, -1, -1, -1, -1, 60, -1, -1, -1, -1, -1, 283, -1, -1, -1, -1, -1, 358, -1, -1, -1, -1, -1),
(160, 0, 'Thirty-Third Sunday Ordinary Time', '2008-11-16', 394, -1, -1, -1, -1, -1, 52, -1, -1, -1, -1, -1, -1, -1, -1, -1, -1, -1, 33, -1, -1, -1, -1, -1, 171, -1, -1, 871, -1, -1, 151, -1, -1, -1, -1, -1, -1, -1, -1, -1, -1, -1, 180, -1, -1, -1, -1, -1, 36, -1, -1, -1, -1, -1, 37, -1, -1, -1, -1, -1, 38, -1, -1, -1, -1, -1, 39, -1, -1, -1, -1, -1, 18, -1, -1, -1, -1, -1, 393, -1, -1, -1, -1, -1, 363, -1, -1, -1, -1, -1),
(161, 0, 'The Solemnity of Our Lord Jesus Christ the King', '2008-11-23', -1, -1, -1, -1, -1, -1, 131, -1, -1, -1, -1, -1, -1, -1, -1, -1, -1, -1, 33, -1, -1, -1, -1, -1, 342, -1, -1, 872, -1, -1, 151, -1, -1, -1, -1, -1, -1, -1, -1, -1, -1, -1, 395, -1, 873, -1, -1, -1, 36, -1, -1, -1, -1, -1, 37, -1, -1, -1, -1, -1, 38, -1, -1, -1, -1, -1, 39, -1, -1, -1, -1, -1, 126, -1, -1, -1, -1, -1, 143, -1, -1, -1, -1, -1, 396, -1, 874, -1, -1, -1),
(162, 0, 'First Sunday of Advent', '2008-11-30', -1, -1, -1, -1, -1, -1, 217, -1, -1, -1, -1, -1, 22, -1, -1, -1, -1, -1, -1, -1, -1, -1, -1, -1, 15, -1, -1, -1, -1, -1, 70, -1, -1, -1, -1, -1, -1, -1, -1, -1, -1, -1, 28, -1, -1, -1, -1, -1, 402, -1, -1, -1, -1, -1, 404, -1, -1, -1, -1, -1, 405, -1, -1, -1, -1, -1, 406, -1, -1, -1, -1, -1, 12, -1, -1, -1, -1, -1, 20, -1, -1, -1, -1, -1, 397, -1, -1, -1, -1, -1),
(163, 0, 'Second Sunday of Advent', '2008-12-07', -1, -1, -1, -1, -1, -1, 217, -1, -1, -1, -1, -1, 22, -1, -1, -1, -1, -1, -1, -1, -1, -1, -1, -1, 15, -1, -1, -1, -1, -1, 70, -1, -1, -1, -1, -1, -1, -1, -1, -1, -1, -1, 23, -1, -1, -1, -1, -1, 402, -1, -1, -1, -1, -1, 404, -1, -1, -1, -1, -1, 405, -1, -1, -1, -1, -1, 406, -1, -1, -1, -1, -1, 1, -1, -1, -1, -1, -1, 291, -1, -1, -1, -1, -1, 397, -1, -1, -1, -1, -1),
(164, 0, 'Third Sunday of Advent', '2008-12-14', 409, -1, -1, -1, -1, -1, 217, -1, -1, -1, -1, -1, 22, -1, -1, -1, -1, -1, -1, -1, -1, -1, -1, -1, 407, -1, -1, -1, -1, -1, 70, -1, -1, -1, -1, -1, -1, -1, -1, -1, -1, -1, 408, -1, -1, -1, -1, -1, 402, -1, -1, -1, -1, -1, 404, -1, -1, -1, -1, -1, 405, -1, -1, -1, -1, -1, 406, -1, -1, -1, -1, -1, 18, -1, -1, -1, -1, -1, 409, -1, -1, -1, -1, -1, 397, -1, -1, -1, -1, -1),
(165, 0, 'Fourth Sunday of Advent', '2008-12-21', -1, -1, -1, -1, -1, -1, 217, -1, -1, -1, -1, -1, -1, -1, -1, -1, -1, -1, -1, -1, -1, -1, -1, -1, 29, -1, -1, -1, -1, -1, 70, -1, -1, -1, -1, -1, -1, -1, -1, -1, -1, -1, 28, -1, -1, -1, -1, -1, 402, -1, -1, -1, -1, -1, 404, -1, -1, -1, -1, -1, 405, -1, -1, -1, -1, -1, 406, -1, -1, -1, -1, -1, 31, -1, -1, -1, -1, -1, 133, -1, -1, -1, -1, -1, 310, -1, 875, -1, -1, -1),
(166, 0, 'The Nativity of the Lord Christmas', '2008-12-25', -1, -1, -1, -1, -1, -1, 226, -1, -1, -1, -1, -1, 22, -1, 879, -1, -1, -1, 33, -1, -1, -1, -1, -1, 130, -1, -1, -1, -1, -1, 151, -1, -1, -1, -1, -1, 219, -1, -1, -1, -1, -1, 50, -1, -1, -1, -1, -1, 36, -1, -1, -1, -1, -1, 37, -1, -1, -1, -1, -1, 38, -1, -1, -1, -1, -1, 39, -1, -1, -1, -1, -1, 222, -1, 876, -1, -1, -1, 223, -1, 877, -1, -1, -1, 47, -1, 878, -1, -1, -1),
(167, 0, 'The Holy Family of Jesus, Mary and Joseph', '2008-12-28', -1, -1, -1, -1, -1, -1, 32, -1, -1, -1, -1, -1, -1, -1, -1, -1, -1, -1, 33, -1, -1, -1, -1, -1, 171, -1, -1, -1, -1, -1, 151, -1, -1, -1, -1, -1, -1, -1, -1, -1, -1, -1, 225, -1, -1, -1, -1, -1, 36, -1, -1, -1, -1, -1, 37, -1, -1, -1, -1, -1, 38, -1, -1, -1, -1, -1, 39, -1, -1, -1, -1, -1, 172, -1, -1, -1, -1, -1, 30, -1, -1, -1, -1, -1, 226, -1, -1, -1, -1, -1),
(168, 0, 'Solemnity of the Blessed Virgin Mary, the Mother of God', '2009-01-01', 30, -1, -1, -1, -1, -1, 4, -1, -1, -1, -1, -1, -1, -1, -1, -1, -1, -1, 33, -1, -1, -1, -1, -1, 261, -1, -1, -1, -1, -1, 151, -1, -1, -1, -1, -1, -1, -1, -1, -1, -1, -1, 408, -1, -1, -1, -1, -1, 8, -1, -1, -1, -1, -1, 9, -1, -1, -1, -1, -1, 10, -1, -1, -1, -1, -1, 11, -1, -1, -1, -1, -1, 223, -1, -1, -1, -1, -1, 25, -1, 880, 881, 882, -1, 307, -1, -1, -1, -1, -1),
(169, 0, 'Epiphany of the Lord ', '2009-01-04', -1, -1, -1, -1, -1, -1, 48, -1, -1, -1, -1, -1, -1, -1, -1, -1, -1, -1, 33, -1, -1, -1, -1, -1, 411, -1, 883, -1, -1, -1, 151, -1, -1, -1, -1, -1, -1, -1, -1, -1, -1, -1, 410, -1, 884, -1, -1, -1, 36, -1, -1, -1, -1, -1, 37, -1, -1, -1, -1, -1, 38, -1, -1, -1, -1, -1, 39, -1, -1, -1, -1, -1, 148, -1, -1, -1, -1, -1, 41, -1, -1, -1, -1, -1, 47, -1, -1, -1, -1, -1),
(170, 0, 'The Feast of the Baptism of the Lord', '2009-01-11', -1, -1, -1, -1, -1, -1, 4, -1, -1, -1, -1, -1, -1, -1, -1, -1, -1, -1, 33, -1, -1, -1, -1, -1, 412, -1, 885, -1, -1, -1, 151, -1, -1, -1, -1, -1, -1, -1, -1, -1, -1, -1, 331, -1, -1, -1, -1, -1, 36, -1, -1, -1, -1, -1, 37, -1, -1, -1, -1, -1, 38, -1, -1, -1, -1, -1, 39, -1, -1, -1, -1, -1, 103, -1, -1, -1, -1, -1, 325, -1, -1, -1, -1, -1, 361, -1, -1, -1, -1, -1),
(171, 0, 'Second Sunday in Ordinary Time', '2009-01-18', -1, -1, -1, -1, -1, -1, 176, -1, 887, -1, -1, -1, -1, -1, -1, -1, -1, -1, 33, -1, -1, -1, -1, -1, 53, -1, -1, -1, -1, -1, 151, -1, -1, -1, -1, -1, -1, -1, -1, -1, -1, -1, 341, -1, -1, -1, -1, -1, 36, -1, -1, -1, -1, -1, 37, -1, -1, -1, -1, -1, 38, -1, -1, -1, -1, -1, 39, -1, -1, -1, -1, -1, 329, -1, -1, -1, -1, -1, 54, -1, -1, -1, -1, -1, 57, -1, -1, -1, -1, -1),
(172, 0, 'Third Sunday in Ordinary Time', '2009-01-25', -1, -1, -1, -1, -1, -1, 63, -1, -1, -1, -1, -1, -1, -1, -1, -1, -1, -1, 33, -1, -1, -1, -1, -1, 15, -1, -1, 888, -1, -1, 151, -1, -1, -1, -1, -1, -1, -1, -1, -1, -1, -1, 65, -1, -1, -1, -1, -1, 36, -1, -1, -1, -1, -1, 37, -1, -1, -1, -1, -1, 38, -1, -1, -1, -1, -1, 39, -1, -1, -1, -1, -1, 184, -1, -1, -1, -1, -1, 229, -1, -1, -1, -1, -1, 414, -1, -1, -1, -1, -1),
(173, 1, 'Fourth Sunday of Ordinary Time', '2009-02-01', 330, -1, -1, -1, -1, -1, 288, -1, -1, -1, -1, -1, -1, -1, -1, -1, -1, -1, 33, -1, -1, -1, -1, -1, 415, -1, -1, -1, -1, -1, 151, -1, -1, -1, -1, -1, -1, -1, -1, -1, -1, -1, 385, -1, -1, -1, -1, -1, 36, -1, -1, -1, -1, -1, 37, -1, -1, -1, -1, -1, 38, -1, -1, -1, -1, -1, 39, -1, -1, -1, -1, -1, 333, -1, -1, -1, -1, -1, 357, -1, -1, -1, -1, -1, 264, -1, -1, -1, -1, -1),
(174, 0, 'Thanh & Lâm''s Wedding', '2009-02-07', -1, -1, -1, -1, -1, -1, 170, -1, -1, -1, -1, -1, 22, -1, -1, -1, -1, -1, 33, -1, -1, -1, -1, -1, 201, -1, -1, -1, -1, -1, 151, -1, -1, -1, -1, -1, -1, -1, -1, -1, -1, -1, 416, -1, -1, -1, -1, -1, 36, -1, -1, -1, -1, -1, 37, -1, -1, -1, -1, -1, 38, -1, -1, -1, -1, -1, 39, -1, -1, -1, -1, -1, 186, -1, -1, -1, -1, -1, 202, -1, -1, -1, -1, -1, 188, -1, -1, -1, -1, -1),
(175, 0, 'Fifth Sunday of Ordinary Time', '2009-02-08', -1, -1, -1, -1, -1, -1, 52, -1, -1, -1, -1, -1, -1, -1, -1, -1, -1, -1, 33, -1, -1, -1, -1, -1, 417, -1, -1, -1, -1, -1, 151, -1, -1, -1, -1, -1, -1, -1, -1, -1, -1, -1, 299, -1, -1, -1, -1, -1, 36, -1, -1, -1, -1, -1, 37, -1, -1, -1, -1, -1, 38, -1, -1, -1, -1, -1, 39, -1, -1, -1, -1, -1, 238, -1, -1, -1, -1, -1, 173, -1, -1, -1, -1, -1, 348, -1, -1, -1, -1, -1),
(176, 0, 'Sixth Sunday of Ordinary Time ', '2009-02-15', 421, -1, -1, -1, -1, -1, 4, -1, -1, -1, -1, -1, -1, -1, -1, -1, -1, -1, 33, -1, -1, -1, -1, -1, 422, -1, -1, 889, -1, -1, 151, -1, -1, -1, -1, -1, 141, -1, -1, -1, -1, -1, 36, -1, -1, -1, -1, -1, 37, -1, -1, -1, -1, -1, 38, -1, -1, -1, -1, -1, 38, -1, -1, -1, -1, -1, 39, -1, -1, -1, -1, -1, 213, -1, -1, -1, -1, -1, 423, -1, -1, -1, -1, -1, 383, -1, -1, -1, -1, -1),
(177, 0, 'Seventh Sunday of Ordinary Time', '2009-02-22', -1, -1, -1, -1, -1, -1, 81, -1, -1, -1, -1, -1, -1, -1, -1, -1, -1, -1, 33, -1, -1, -1, -1, -1, 424, -1, -1, -1, -1, -1, 151, -1, -1, -1, -1, -1, -1, -1, -1, -1, -1, -1, 237, -1, -1, -1, -1, -1, 36, -1, -1, -1, -1, -1, 37, -1, -1, -1, -1, -1, 38, -1, -1, -1, -1, -1, 39, -1, -1, -1, -1, -1, 191, -1, -1, -1, -1, -1, 84, -1, -1, -1, -1, -1, 421, -1, -1, -1, -1, -1),
(178, 0, 'First Sunday of Lent', '2009-03-01', 426, -1, -1, -1, -1, -1, 92, -1, -1, -1, -1, -1, 240, -1, -1, -1, -1, -1, -1, -1, -1, -1, -1, -1, 218, -1, -1, -1, -1, -1, 241, -1, -1, -1, -1, -1, -1, -1, -1, -1, -1, -1, 335, -1, -1, -1, -1, -1, 85, -1, -1, -1, -1, -1, 86, -1, -1, -1, -1, -1, 87, -1, -1, -1, -1, -1, 88, -1, -1, -1, -1, -1, 19, -1, -1, -1, -1, -1, 425, -1, -1, -1, -1, -1, 291, -1, -1, -1, -1, -1),
(179, 0, 'Second Sunday of Lent', '2009-03-08', -1, -1, -1, -1, -1, -1, 92, -1, -1, -1, -1, -1, 240, -1, -1, -1, -1, -1, -1, -1, -1, -1, -1, -1, 290, -1, -1, -1, -1, -1, 241, -1, -1, -1, -1, -1, -1, -1, -1, -1, -1, -1, 207, -1, -1, -1, -1, -1, 85, -1, -1, -1, -1, -1, 86, -1, -1, -1, -1, -1, 87, -1, -1, -1, -1, -1, 88, -1, -1, -1, -1, -1, 142, -1, -1, -1, -1, -1, 283, -1, -1, -1, -1, -1, 291, -1, -1, -1, -1, -1),
(180, 0, 'Third Sunday of Lent', '2009-03-15', -1, -1, -1, -1, -1, -1, 427, -1, -1, -1, -1, -1, 240, -1, -1, -1, -1, -1, -1, -1, -1, -1, -1, -1, 375, -1, -1, -1, -1, -1, 241, -1, -1, -1, -1, -1, -1, -1, -1, -1, -1, -1, 260, -1, -1, -1, -1, -1, 85, -1, -1, -1, -1, -1, 86, -1, -1, -1, -1, -1, 87, -1, -1, -1, -1, -1, 88, -1, -1, -1, -1, -1, 103, -1, -1, -1, -1, -1, 428, -1, -1, -1, -1, -1, 291, -1, -1, -1, -1, -1),
(181, 0, 'Fourth Sunday of Lent', '2009-03-22', -1, -1, -1, -1, -1, -1, 427, -1, -1, -1, -1, -1, 240, -1, -1, -1, -1, -1, -1, -1, -1, -1, -1, -1, 97, -1, -1, -1, -1, -1, 241, -1, -1, -1, -1, -1, -1, -1, -1, -1, -1, -1, 104, -1, -1, -1, -1, -1, 85, -1, -1, -1, -1, -1, 86, -1, -1, -1, -1, -1, 87, -1, -1, -1, -1, -1, 88, -1, -1, -1, -1, -1, 119, -1, -1, -1, -1, -1, 108, -1, -1, -1, -1, -1, 291, -1, -1, -1, -1, -1),
(182, 0, 'Fifth Sunday of Lent', '2009-03-29', 438, -1, -1, -1, -1, -1, 239, -1, -1, -1, -1, -1, 240, -1, -1, -1, -1, -1, -1, -1, -1, -1, -1, -1, 290, -1, -1, -1, -1, -1, 241, -1, -1, -1, -1, -1, -1, -1, -1, -1, -1, -1, 275, -1, -1, -1, -1, -1, 85, -1, -1, -1, -1, -1, 86, -1, -1, -1, -1, -1, 87, -1, -1, -1, -1, -1, 88, -1, -1, -1, -1, -1, 153, -1, -1, -1, -1, -1, 440, -1, -1, -1, -1, -1, 291, -1, -1, -1, -1, -1),
(183, 0, 'Palm Sunday of the Passion', '2009-04-05', -1, -1, -1, -1, -1, -1, 131, -1, -1, -1, -1, -1, 240, -1, -1, -1, -1, -1, -1, -1, -1, -1, -1, -1, 246, -1, -1, 890, -1, -1, 241, -1, -1, -1, -1, -1, -1, -1, -1, -1, -1, -1, 207, -1, -1, -1, -1, -1, 85, -1, -1, -1, -1, -1, 86, -1, -1, -1, -1, -1, 87, -1, -1, -1, -1, -1, 88, -1, -1, -1, -1, -1, 248, -1, -1, -1, -1, -1, 439, -1, -1, -1, -1, -1, 291, -1, -1, -1, -1, -1),
(184, 0, 'Easter Sunday The Resurrection of the Lord ', '2009-04-12', -1, -1, -1, -1, -1, -1, 348, -1, -1, -1, -1, -1, -1, -1, -1, -1, -1, -1, 33, -1, -1, -1, -1, -1, 441, -1, -1, 891, -1, -1, 151, -1, -1, -1, -1, -1, -1, -1, -1, -1, -1, -1, 442, -1, -1, -1, -1, -1, 36, -1, -1, -1, -1, -1, 37, -1, -1, -1, -1, -1, 38, -1, -1, -1, -1, -1, 39, -1, -1, -1, -1, -1, 119, -1, -1, -1, -1, -1, 151, -1, -1, -1, -1, -1, 117, -1, -1, -1, -1, -1),
(185, 0, 'Second Sunday of Easter - Divine Mercy', '2009-04-19', -1, -1, -1, -1, -1, -1, 3, -1, -1, -1, -1, -1, -1, -1, -1, -1, -1, -1, 33, -1, -1, -1, -1, -1, 441, -1, -1, -1, -1, -1, 151, -1, -1, -1, -1, -1, -1, -1, -1, -1, -1, -1, 443, -1, -1, -1, -1, -1, 36, -1, -1, -1, -1, -1, 37, -1, -1, -1, -1, -1, 38, -1, -1, -1, -1, -1, 39, -1, -1, -1, -1, -1, 153, -1, -1, -1, -1, -1, 444, -1, -1, -1, -1, -1, 332, -1, -1, -1, -1, -1),
(186, 0, 'Third Sunday of Easter', '2009-04-26', 438, -1, -1, -1, -1, -1, 134, -1, -1, -1, -1, -1, -1, -1, -1, -1, -1, -1, 33, -1, -1, -1, -1, -1, 445, -1, -1, -1, -1, -1, 151, -1, -1, -1, -1, -1, -1, -1, -1, -1, -1, -1, 351, -1, -1, -1, -1, -1, 36, -1, -1, -1, -1, -1, 37, -1, -1, -1, -1, -1, 38, -1, -1, -1, -1, -1, 39, -1, -1, -1, -1, -1, 352, -1, -1, -1, -1, -1, 76, -1, -1, -1, -1, -1, 197, -1, -1, -1, -1, -1),
(187, 0, 'Fifth Sunday of Easter', '2009-05-10', -1, -1, -1, -1, -1, -1, 446, -1, -1, -1, -1, -1, -1, -1, -1, -1, -1, -1, 33, -1, -1, -1, -1, -1, 124, -1, -1, 894, -1, -1, 151, -1, -1, -1, -1, -1, -1, -1, -1, -1, -1, -1, 448, -1, -1, -1, -1, -1, 36, -1, -1, -1, -1, -1, 37, -1, -1, -1, -1, -1, 38, -1, -1, -1, -1, -1, 39, -1, -1, -1, -1, -1, 103, -1, -1, -1, -1, -1, 388, -1, -1, -1, -1, -1, 27, -1, -1, -1, -1, -1),
(188, 0, 'Sixth Sunday of Easter', '2009-05-17', 449, -1, -1, -1, -1, -1, 4, -1, -1, -1, -1, -1, -1, -1, -1, -1, -1, -1, 33, -1, -1, -1, -1, -1, 441, -1, -1, 893, -1, -1, 151, -1, -1, -1, -1, -1, -1, -1, -1, -1, -1, -1, 450, -1, -1, -1, -1, -1, 36, -1, -1, -1, -1, -1, 37, -1, -1, -1, -1, -1, 38, -1, -1, -1, -1, -1, 39, -1, -1, -1, -1, -1, 452, -1, -1, -1, -1, -1, 423, -1, -1, -1, -1, -1, 451, -1, -1, -1, -1, -1),
(189, 0, 'Ascension of the Lord', '2009-05-24', -1, -1, -1, -1, -1, -1, 454, -1, -1, -1, -1, -1, -1, -1, -1, -1, -1, -1, 33, -1, -1, -1, -1, -1, 262, 1, -1, 892, -1, -1, 151, -1, -1, -1, -1, -1, -1, -1, -1, -1, -1, -1, 455, -1, -1, -1, -1, -1, 36, -1, -1, -1, -1, -1, 37, -1, -1, -1, -1, -1, 38, -1, -1, -1, -1, -1, 39, -1, -1, -1, -1, -1, 31, -1, -1, -1, -1, -1, 143, -1, -1, -1, -1, -1, 363, -1, -1, -1, -1, -1),
(190, 0, 'Trí''s Wedding', '2009-06-06', -1, -1, -1, -1, -1, -1, 458, -1, -1, -1, -1, -1, 22, -1, -1, -1, -1, -1, 33, -1, -1, -1, -1, -1, 171, -1, -1, -1, -1, -1, 151, -1, -1, -1, -1, -1, -1, -1, -1, -1, -1, -1, 202, -1, -1, -1, -1, -1, 36, -1, -1, -1, -1, -1, 37, -1, -1, -1, -1, -1, 38, -1, -1, -1, -1, -1, 39, -1, -1, -1, -1, -1, 187, -1, -1, -1, -1, -1, 459, -1, -1, -1, -1, -1, 188, -1, -1, -1, -1, -1),
(191, 0, 'Pentecost', '2009-05-31', -1, -1, -1, -1, -1, -1, 194, -1, -1, -1, -1, -1, -1, -1, -1, -1, -1, -1, 33, -1, -1, -1, -1, -1, 147, -1, -1, -1, -1, -1, 151, -1, -1, -1, -1, -1, -1, -1, -1, -1, -1, -1, 144, -1, -1, -1, -1, -1, 36, -1, -1, -1, -1, -1, -1, 37, -1, -1, -1, -1, 38, -1, -1, -1, -1, -1, 39, -1, -1, -1, -1, -1, 60, -1, -1, -1, -1, -1, 149, -1, -1, -1, -1, -1, 456, -1, -1, -1, -1, -1),
(192, 0, 'Fourth Sunday of Easter', '2009-05-03', -1, -1, -1, -1, -1, -1, 446, -1, -1, -1, -1, -1, -1, -1, -1, -1, -1, -1, 33, -1, -1, -1, -1, -1, 441, -1, -1, -1, -1, -1, 151, -1, -1, -1, -1, -1, -1, -1, -1, -1, -1, -1, 257, -1, -1, -1, -1, -1, 36, -1, -1, -1, -1, -1, 37, -1, -1, -1, -1, -1, 38, -1, -1, -1, -1, -1, 39, -1, -1, -1, -1, -1, 126, -1, -1, -1, -1, -1, 127, -1, -1, -1, -1, -1, 322, -1, -1, -1, -1, -1),
(193, 0, 'Solemnity of the Most Holy Trinity', '2009-06-07', 287, -1, -1, -1, -1, -1, 176, -1, -1, -1, -1, -1, -1, -1, -1, -1, -1, -1, 33, -1, -1, -1, -1, -1, 205, -1, -1, -1, -1, -1, 151, -1, -1, -1, -1, -1, -1, -1, -1, -1, -1, -1, 365, -1, -1, -1, -1, -1, 36, -1, -1, -1, -1, -1, 37, -1, -1, -1, -1, -1, 38, -1, -1, -1, -1, -1, 39, -1, -1, -1, -1, -1, 367, -1, -1, -1, -1, -1, 200, -1, -1, -1, -1, -1, 332, -1, -1, -1, -1, -1),
(194, 0, 'Solemnity of the Most Holy Body and Blood of Christ', '2009-06-14', 154, -1, -1, -1, -1, -1, 274, -1, -1, -1, -1, -1, -1, -1, -1, -1, -1, -1, 33, -1, -1, -1, -1, -1, 157, -1, -1, 895, -1, -1, 151, -1, -1, -1, -1, -1, -1, -1, -1, -1, -1, -1, 182, -1, -1, -1, -1, -1, 36, -1, -1, -1, -1, -1, 37, -1, -1, -1, -1, -1, 38, -1, -1, -1, -1, -1, 39, -1, -1, -1, -1, -1, 90, -1, -1, -1, -1, -1, 460, -1, -1, -1, -1, -1, 21, -1, -1, -1, -1, -1),
(195, 0, 'Twelfth Sunday in Ordinary Time', '2009-06-21', -1, -1, -1, -1, -1, -1, 169, -1, -1, -1, -1, -1, -1, -1, -1, -1, -1, -1, 33, -1, -1, -1, -1, -1, 462, -1, -1, -1, -1, -1, 151, -1, -1, -1, -1, -1, -1, -1, -1, -1, -1, -1, 463, -1, -1, -1, -1, -1, 36, -1, -1, -1, -1, -1, 37, -1, -1, -1, -1, -1, 38, -1, -1, -1, -1, -1, 39, -1, -1, -1, -1, -1, 460, -1, -1, -1, -1, -1, 464, -1, -1, -1, -1, -1, 105, -1, -1, -1, -1, -1),
(196, 0, 'Thirteenth Sunday in Ordinary Time', '2009-06-28', -1, -1, -1, -1, -1, -1, 81, -1, -1, -1, -1, -1, -1, -1, -1, -1, -1, -1, 33, -1, -1, -1, -1, -1, 253, -1, -1, -1, -1, -1, 151, -1, -1, -1, -1, -1, -1, -1, -1, -1, -1, -1, 299, -1, -1, -1, -1, -1, 36, -1, -1, -1, -1, -1, 37, -1, -1, -1, -1, -1, 38, -1, -1, -1, -1, -1, 39, -1, -1, -1, -1, -1, 114, -1, -1, -1, -1, -1, 306, -1, -1, -1, -1, -1, 155, -1, -1, -1, -1, -1),
(197, 0, 'Fourteenth Sunday in Ordinary Time', '2009-07-05', -1, -1, -1, -1, -1, -1, 96, -1, -1, -1, -1, -1, -1, -1, -1, -1, -1, -1, 33, -1, -1, -1, -1, -1, 465, -1, -1, -1, -1, -1, 151, -1, -1, -1, -1, -1, -1, -1, -1, -1, -1, -1, 341, -1, -1, -1, -1, -1, 36, -1, -1, -1, -1, -1, 37, -1, -1, -1, -1, -1, 38, -1, -1, -1, -1, -1, 39, -1, -1, -1, -1, -1, 153, -1, -1, -1, -1, -1, 76, -1, -1, -1, -1, -1, 466, -1, -1, -1, -1, -1),
(198, 0, 'Holly & Randon''s Wedding', '2009-07-11', -1, -1, -1, -1, -1, -1, 242, -1, -1, -1, -1, -1, 22, -1, -1, -1, -1, -1, 33, -1, -1, -1, -1, -1, 171, -1, -1, -1, -1, -1, 151, -1, -1, -1, -1, -1, -1, -1, -1, -1, -1, -1, 202, -1, -1, -1, -1, -1, 36, -1, -1, -1, -1, -1, 37, -1, -1, -1, -1, -1, 38, -1, -1, -1, -1, -1, 39, -1, -1, -1, -1, -1, 95, -1, -1, -1, -1, -1, 66, -1, -1, -1, -1, -1, 188, -1, -1, -1, -1, -1),
(199, 0, 'Fifteenth Sunday in Ordinary Time', '2009-07-12', -1, -1, -1, -1, -1, -1, 52, -1, -1, -1, -1, -1, -1, -1, -1, -1, -1, -1, 33, -1, -1, -1, -1, -1, 468, -1, -1, 896, -1, -1, 151, -1, -1, -1, -1, -1, -1, -1, -1, -1, -1, -1, 55, -1, -1, -1, -1, -1, 36, -1, -1, -1, -1, -1, 37, -1, -1, -1, -1, -1, 38, -1, -1, -1, -1, -1, 39, -1, -1, -1, -1, -1, 31, -1, -1, -1, -1, -1, 467, -1, -1, -1, -1, -1, 287, -1, -1, -1, -1, -1),
(200, 0, 'Sixteenth Sunday in Ordinary Time', '2009-07-19', -1, -1, -1, -1, -1, -1, 288, -1, 898, -1, -1, -1, -1, -1, -1, -1, -1, -1, 33, -1, 899, -1, -1, -1, 166, -1, 900, 897, -1, -1, 151, -1, 901, -1, -1, -1, -1, -1, -1, -1, -1, -1, 469, -1, 902, -1, -1, -1, 36, -1, 903, -1, -1, -1, 37, -1, 904, -1, -1, -1, 38, -1, 905, -1, -1, -1, 39, -1, 906, -1, -1, -1, 126, -1, 907, -1, -1, -1, 376, -1, 908, -1, -1, -1, 470, -1, 909, -1, -1, -1),
(201, 0, 'Seventeenth Sunday in Ordinary Time', '2009-07-26', -1, -1, -1, -1, -1, -1, 274, -1, -1, -1, -1, -1, -1, -1, -1, -1, -1, -1, 33, -1, -1, -1, -1, -1, 259, -1, -1, -1, -1, -1, 151, -1, -1, -1, -1, -1, -1, -1, -1, -1, -1, -1, 471, -1, -1, -1, -1, -1, 36, -1, -1, -1, -1, -1, 37, -1, -1, -1, -1, -1, 38, -1, -1, -1, -1, -1, 39, -1, -1, -1, -1, -1, 472, -1, -1, -1, -1, -1, 461, -1, -1, -1, -1, -1, 470, -1, -1, -1, -1, -1),
(202, 0, 'Eighteenth Sunday in Ordinary Time', '2009-08-02', -1, -1, -1, -1, -1, -1, 176, -1, -1, -1, -1, -1, -1, -1, -1, -1, -1, -1, 33, -1, -1, -1, -1, -1, 473, -1, -1, -1, -1, -1, 151, -1, -1, -1, -1, -1, -1, -1, -1, -1, -1, -1, 182, -1, -1, -1, -1, -1, 36, -1, -1, -1, -1, -1, 37, -1, -1, -1, -1, -1, 38, -1, -1, -1, -1, -1, 39, -1, -1, -1, -1, -1, 191, -1, -1, -1, -1, -1, 461, -1, -1, -1, -1, -1, 474, -1, -1, -1, -1, -1),
(203, 0, 'Nineteenth Sunday in Ordinary Time', '2009-08-09', -1, -1, -1, -1, -1, -1, 306, -1, -1, -1, -1, -1, -1, -1, -1, -1, -1, -1, 33, -1, -1, -1, -1, -1, 177, -1, -1, -1, -1, -1, 151, -1, -1, -1, -1, -1, -1, -1, -1, -1, -1, -1, 475, -1, -1, -1, -1, -1, 36, -1, -1, -1, -1, -1, 37, -1, -1, -1, -1, -1, 38, -1, -1, -1, -1, -1, 39, -1, -1, -1, -1, -1, 213, -1, -1, -1, -1, -1, 476, -1, -1, -1, -1, -1, 18, -1, -1, -1, -1, -1),
(204, 0, 'Twentieth Sunday in Ordinary Time', '2009-08-16', 330, -1, -1, -1, -1, -1, 274, -1, -1, -1, -1, -1, -1, -1, -1, -1, -1, -1, 33, -1, -1, -1, -1, -1, 177, -1, -1, -1, -1, -1, 151, -1, -1, -1, -1, -1, -1, -1, -1, -1, -1, -1, 270, -1, -1, -1, -1, -1, 36, -1, -1, -1, -1, -1, 37, -1, -1, -1, -1, -1, 38, -1, -1, -1, -1, -1, 39, -1, -1, -1, -1, -1, 59, -1, -1, -1, -1, -1, 291, -1, -1, -1, -1, -1, 474, -1, -1, -1, -1, -1),
(205, 0, 'Fourth Sunday of Easter', '2010-04-25', -1, -1, -1, -1, -1, -1, 487, -1, 910, -1, -1, -1, -1, -1, -1, -1, -1, -1, 33, -1, -1, -1, -1, -1, 82, -1, -1, -1, -1, -1, 483, -1, -1, -1, -1, -1, -1, -1, -1, -1, -1, -1, 257, -1, -1, -1, -1, -1, 36, -1, -1, -1, -1, -1, 37, -1, -1, -1, -1, -1, 38, -1, -1, -1, -1, -1, 39, -1, -1, -1, -1, -1, 126, -1, -1, -1, -1, -1, 13, -1, 911, -1, -1, -1, 3, -1, -1, -1, -1, -1);

-- --------------------------------------------------------

--
-- Table structure for table `MIDTEXT`
--

DROP TABLE IF EXISTS `MIDTEXT`;
CREATE TABLE IF NOT EXISTS `MIDTEXT` (
  `id` mediumint(9) NOT NULL AUTO_INCREMENT,
  `text` varchar(32) DEFAULT NULL,
  PRIMARY KEY (`id`),
  KEY `text` (`text`)
) ENGINE=MyISAM  DEFAULT CHARSET=utf8 COMMENT='General purpose text for attirbutes of a song lineup' AUTO_INCREMENT=942 ;

--
-- Dumping data for table `MIDTEXT`
--

INSERT INTO `MIDTEXT` (`id`, `text`) VALUES
(1, 'Mỹ, Calvin'),
(2, 'Chris'),
(3, 'Christian'),
(4, 'Mỹ'),
(5, 'Mỹ'),
(6, 'Mỹ'),
(7, 'Mỹ'),
(8, 'Christian'),
(9, 'Chris'),
(10, 'Mỹ'),
(11, 'Calvin'),
(12, 'Mỹ'),
(13, 'Chris, Christina'),
(14, 'Christian'),
(15, 'Mỹ'),
(16, 'Mỹ'),
(17, 'Mỹ'),
(18, 'Mỹ'),
(19, 'Mỹ'),
(20, 'Chris'),
(21, 'Mỹ'),
(214, 'all verses'),
(23, 'Mỹ'),
(24, 'Mỹ'),
(25, 'Chris'),
(26, 'Mỹ'),
(27, 'Calvin'),
(28, 'Mỹ'),
(29, 'Mỹ'),
(30, 'Mỹ'),
(31, 'Mỹ'),
(32, 'Mỹ'),
(172, 'all verses'),
(34, 'Verses 1,2,4'),
(35, 'Nam, Phillips'),
(235, 'Calvin'),
(236, 'Calvin'),
(39, 'Duy, Việt'),
(40, 'Not correct'),
(41, 'Mỹ'),
(42, 'not yet posted'),
(43, 'Mỹ'),
(44, 'v1,2,3'),
(45, 'v 1,3,4(viet)'),
(46, 'verses 1, 2'),
(47, 'Trí'),
(48, 'v1,2,3vn,v2,3en'),
(49, 'all 3 verses'),
(50, 'alternate vn,en'),
(51, 'verse 1,2,3'),
(52, 'sing verse 3'),
(53, 'verse 1,3,vnam'),
(54, '1,4,2,5,3,6'),
(55, 'Thư'),
(56, 'Mỹ'),
(57, 'Calvin'),
(58, 'Mỹ'),
(59, 'Calvin'),
(60, 'Phương'),
(61, 'Trí, Thi'),
(62, 'Chris'),
(63, 'Chris'),
(64, 'Chris'),
(65, 'Chris'),
(66, 'Chris'),
(67, 'Chris'),
(68, 'Chris'),
(69, 'v1,2 & 6'),
(70, 'all verses'),
(71, 'v1, 2'),
(189, 'v1&3 start w/ refrain'),
(73, 'Chris'),
(75, 'music not in 2/12'),
(76, 'v 1,2,3'),
(77, 'v 1,2,3,5,6'),
(78, 'v 1,2, 5'),
(79, 'Linh, Thùy'),
(80, 'Tâm'),
(81, '1,2, 4'),
(91, 'v 1,2,3'),
(90, 'tenor,alto parts'),
(89, 'parts on verses'),
(88, 'sing parts'),
(92, 'Mỹ'),
(93, 'v 1,2'),
(94, 'Christina, Cường'),
(95, 'Mỹ'),
(96, 'Mỹ'),
(97, 'st. w/ refrain, v1,2'),
(98, 'v1,2'),
(99, 'Nam, Thùy'),
(100, 'Tổ, Duy'),
(101, 'all 3 verses'),
(102, 'v1,3 eng; v2:span'),
(103, 'Chris'),
(104, 'i''ll play if calvin doesn''t play'),
(105, 'v1, 2, 3'),
(106, 'Thủy, Chris'),
(107, 'same as last sunday'),
(108, 'v1'),
(111, 'Trí'),
(110, 'all verses'),
(112, 'all verses'),
(113, 'easter sequence too before allel'),
(114, 'calvin'),
(115, 'chris'),
(116, 'chris'),
(117, 'chris'),
(118, 'chris'),
(119, 'calvin'),
(120, 'chris'),
(121, 'chris'),
(122, 'chris'),
(123, 'chris'),
(124, 'chris'),
(125, 'chris'),
(126, 'chris'),
(127, 'thư, Thùy'),
(128, 'start w/ refrain'),
(129, 'v 1,2, 3'),
(130, 'alt. eng/vn 1&2'),
(131, 'Phương, Christian'),
(132, 'Phương, Christian'),
(134, 'xN0JE'),
(135, '1VoMz'),
(136, 'NxaXR6'),
(137, 'verses 1, 2, 3'),
(138, '3 verses'),
(139, 'Christina, Phương'),
(140, '1,2,5'),
(141, 'Calvin, Nam'),
(142, '1,3'),
(143, '1'),
(144, 'Trí, Mỹ'),
(145, '3 verses'),
(146, '3 verses'),
(147, '1, 2, 4'),
(148, 'Vy & Diane'),
(149, 'My'),
(150, 'My'),
(151, 'Chris'),
(152, 'Are we going to sing this right'),
(153, 'Chris'),
(154, 'Nam/Son?/Kevin'),
(155, 'Chris'),
(156, 'Christian'),
(157, 'Calvin?'),
(158, 'Hai'),
(159, 'Chris'),
(160, 'Chris'),
(161, 'Chris'),
(162, 'Chris'),
(163, 'Christian'),
(164, 'Thuy and to'),
(165, 'Chris or My'),
(166, 'My'),
(167, 'Phuong'),
(168, 'all verses'),
(169, 'Khoa, Tâm'),
(170, 'all'),
(171, '1,2,3'),
(173, '1,2,3'),
(174, 'Christian'),
(175, 'To/Chris'),
(176, 'My'),
(177, 'Christian'),
(190, 'Calvin'),
(179, 'Chris'),
(181, 'Chris'),
(188, 'v1,2,3'),
(183, 'Chris'),
(184, 'Chris'),
(185, 'My'),
(186, 'My'),
(187, 'Andy'),
(191, 'Calvin'),
(192, 'Chris/My'),
(193, 'Chris'),
(194, 'Chris'),
(195, 'Christian'),
(217, 'Chris'),
(197, 'My'),
(216, 'Chris'),
(199, 'My,'),
(201, 'My'),
(215, 'siya, we are marching, we prayin'),
(203, 'My'),
(204, 'women'),
(205, 'Tri &Eric'),
(206, 'Andy/Calvin'),
(207, 'Christian'),
(208, 'Christian'),
(209, 'Chris'),
(210, 'Calvin'),
(211, 'Calvin?'),
(212, 'Chris'),
(213, 'Chris'),
(218, 'Chris'),
(219, 'Annie/Shawna'),
(220, 'Chris'),
(221, 'My'),
(222, 'Calvin'),
(223, 'My'),
(224, 'Chris'),
(225, 'Chris'),
(226, 'Chris'),
(227, 'My'),
(228, 'My'),
(229, 'Calvin'),
(230, 'Acapella'),
(231, 'solo, everyone, acappella'),
(232, 'Tri, Thuy, My'),
(233, 'all verses'),
(234, '1,2, 6'),
(237, 'Calvin'),
(238, 'Trí'),
(239, 'Chris'),
(240, 'My'),
(241, 'My'),
(242, 'My'),
(243, 'Chris'),
(244, 'Chris'),
(245, 'My'),
(246, 'My'),
(247, 'Chris'),
(248, 'Chris'),
(249, 'Thùy, Nam or My'),
(250, 'Chris'),
(251, 'My'),
(252, 'Minh-Thi'),
(253, 'Minh-Thi'),
(254, 'Chris'),
(255, 'My'),
(256, 'Calvin'),
(257, 'Minh-Thi'),
(258, 'Minh-Thi'),
(259, 'Minh-Thi'),
(260, 'Minh-Thi'),
(261, 'Chris'),
(262, 'Chris'),
(263, 'my'),
(264, 'Chris'),
(265, 'Tri'),
(266, 'Hoan'),
(267, 'Thuy'),
(268, 'Hoan'),
(269, 'Tri'),
(270, 'Hoan'),
(271, '1, 3, & 5'),
(272, 'vnamese only!'),
(273, 'all'),
(274, 'all'),
(275, 'Mỹ'),
(276, 'Vi & Andrew'),
(277, 'vietnamese only'),
(278, 'all verses'),
(279, 'v 1, 2'),
(280, 'all verses'),
(281, 'Thùy,  My'),
(282, 'all 3 verses'),
(283, 'start w/ refrain . v1'),
(284, '1,2,3,5'),
(285, '1,2'),
(286, 'v1,2, 4'),
(287, 'v1, 2, 4'),
(288, 'v 1, 3, 5'),
(289, 'v 1, 2, 6'),
(290, '1, 3,4'),
(291, 'all'),
(292, 'all'),
(293, 'all'),
(294, 'Việt & Daniel'),
(295, 'vn'),
(296, '1,2, 3'),
(297, 'v 2,3, 4'),
(298, 'v 1, 2, 3'),
(299, 'v 1,2, 6'),
(300, 'Phương, Danielle'),
(301, 'v 1, 2, 3'),
(302, 'Việt, Daniel'),
(303, 'v 1,2, 6'),
(304, 'Trí'),
(305, 'Hai, Thuy'),
(306, 'My conducts'),
(307, 'Danielle, Calvin'),
(308, 'My conducts'),
(309, 'instrumental only'),
(310, 'hmm only - no singing'),
(311, 'My conducts'),
(330, 'v 1,2,3 &4'),
(313, 'Violin/guitar(C)/ piano (A) intr'),
(314, 'guitar only'),
(315, 'feliz navidad'),
(316, 'Mỹ'),
(317, 'Minh-Thi'),
(318, 'Minh-Thi'),
(319, 'Chris'),
(320, 'Calvin'),
(321, 'Chris'),
(322, 'Minh-Thi'),
(323, 'Minh-Thi'),
(324, 'Minh-Thi'),
(325, 'Minh-Thi'),
(326, 'Mỹ'),
(327, 'Chris'),
(328, 'Chris'),
(329, 'Andy'),
(331, 'guitar only'),
(332, 'Not singing this song'),
(333, 'all verses'),
(334, 'all verses'),
(335, 'all verses'),
(336, '1, 3, 4'),
(337, 'all 3 verses'),
(338, 'Danielle'),
(339, 'all'),
(340, '1,3,5'),
(341, 'all'),
(342, '1, 3'),
(343, 'Christopher'),
(344, 'Trí'),
(345, 'Thư'),
(346, 'My'),
(347, 'v2:span; v1,3: eng'),
(348, 'all verses'),
(349, 'Trí, Calvin'),
(350, 'Lisa, Danielle'),
(365, 'Chris/My'),
(352, 'Nam, ?'),
(373, 'Chris'),
(372, 'Chris'),
(371, 'Chris'),
(370, 'Chris'),
(369, 'Calvin'),
(368, 'Chris'),
(367, 'Andy'),
(366, 'Chris'),
(361, 'Mỹ, Lynn'),
(364, 'Andy'),
(374, 'Chris'),
(375, 'Chris'),
(376, 'Chris'),
(377, 'Andy'),
(378, 'Calvin'),
(379, 'N/A'),
(380, 'tenors'),
(381, 'all'),
(382, 'v2: spanish'),
(383, 'both verses'),
(384, 'Thư, Thùy'),
(385, 'Andy, Andrew'),
(386, 'v 1,2'),
(387, 'v 1 & 3'),
(388, 'v 1,2, 4'),
(389, 'v 1,2, 5'),
(390, 'all'),
(391, 'Trí'),
(392, 'tenors'),
(393, '1, 3, 4'),
(394, '1, 2, 4'),
(395, '1, 2, 4'),
(396, 'start w/ refrain'),
(397, 'all 3'),
(398, 'Andy/Tri'),
(399, 'all 3'),
(400, 'Thuy'),
(401, 'Andy'),
(402, 'chris'),
(403, 'Chris'),
(404, 'Chris'),
(405, 'Chris'),
(406, 'Theresa'),
(407, 'Theresa'),
(408, 'Chris'),
(409, 'Chris'),
(410, 'Chris'),
(411, 'Chris'),
(412, 'Chris'),
(413, 'Chris'),
(414, 'Andy/Chris'),
(415, 'Andy'),
(416, 'Chris'),
(417, 'Chris'),
(418, 'Chris'),
(419, 'Andy'),
(420, 'Theresa'),
(421, 'Andy/Theresa'),
(422, 'Chris'),
(423, 'Chris'),
(424, 'Chris'),
(425, 'Chris'),
(426, 'Theresa'),
(427, 'Acapella'),
(428, 'Chris'),
(429, 'Andy'),
(430, 'Chris'),
(431, 'Chris'),
(432, 'chris'),
(433, 'Andy'),
(434, 'Calvin'),
(435, 'Calvin'),
(436, 'Theresa'),
(437, 'Theresa'),
(438, 'Theresa'),
(439, 'Theresa'),
(440, 'Calvin'),
(441, 'Calvin'),
(444, '-no piano-'),
(443, '???'),
(445, 'Theresa'),
(446, 'Theresa'),
(447, 'Chris'),
(448, 'Calvin/Viet'),
(449, 'Chris'),
(450, 'Calvin'),
(451, 'Calvin'),
(452, 'Calvin'),
(453, 'Calvin'),
(454, 'Calvin'),
(455, 'Calvin'),
(456, 'Chris'),
(457, 'Chris'),
(458, 'Chris'),
(459, 'Theresa'),
(460, 'Calvin'),
(461, 'Theresa'),
(462, 'Chris'),
(463, 'Chris'),
(464, 'Chris'),
(465, 'Chris'),
(466, 'Calvin'),
(467, 'Calvin'),
(468, 'Calvin'),
(469, 'all verses'),
(470, 'verse 1 & 2'),
(471, 'v 1,2,4, 7'),
(472, 'John'),
(473, 'v 1 & 3'),
(474, 'Trí'),
(475, 'Trí'),
(476, 'Thùy, Trí, Nam'),
(477, 'march, siya, march'),
(478, '3 verses'),
(479, 'v 1,2,3'),
(480, 'v 1,2,3'),
(481, 'march, siya, march'),
(482, 'start refrain, 1,2,3'),
(531, 'Tri'),
(484, 'lyrics on slides'),
(485, 'all verses'),
(486, 'Andy'),
(487, 'Christian'),
(488, 'Christian'),
(489, 'Chris'),
(490, 'Christian'),
(491, 'Chris'),
(492, 'Chris'),
(493, 'John'),
(494, 'Andy'),
(495, 'Chris'),
(496, 'Christian'),
(497, 'Andy'),
(498, 'Christian'),
(499, 'Christian'),
(500, 'Andy'),
(501, 'Christian'),
(502, 'Chris'),
(503, 'John'),
(504, 'Christian'),
(505, 'Chris'),
(506, 'Christian'),
(507, 'Christian'),
(508, 'Christian'),
(509, 'Christian'),
(510, 'Andy'),
(511, 'Christian'),
(512, 'John'),
(513, 'John'),
(514, 'John'),
(515, 'John'),
(516, 'Andy'),
(517, 'John'),
(518, 'acapella'),
(519, 'Guitar only'),
(520, 'Tracey & Altos'),
(521, 'Calvin'),
(522, 'Calvin'),
(523, 'Calvin'),
(524, 'Chris'),
(525, 'Andy'),
(526, 'Christian'),
(527, 'Calvin'),
(528, 'Christian'),
(529, 'Christian'),
(530, 'Andy'),
(532, 'Andy'),
(533, 'John'),
(534, 'John'),
(535, 'John'),
(536, 'John'),
(537, 'v 1, 2, 4'),
(538, '3 eng verses'),
(539, 'all 3 verses'),
(540, 'Chris'),
(541, 'Christian'),
(542, 'Christian'),
(543, 'Chris'),
(544, 'Calvin'),
(545, 'Christian'),
(546, 'Calvin'),
(547, 'Andy'),
(548, 'Theresa'),
(549, 'Andy'),
(550, 'v 1, 2, 3'),
(551, 'v 1, 2'),
(552, 'Tri'),
(553, 'Chris, Tracey'),
(554, 'v 1 & 3'),
(555, 'Christian'),
(556, 'all verses'),
(557, 'all verses'),
(558, 'v 1, 2, & 6'),
(559, 'v1,2, 4'),
(560, 'odd verses'),
(561, '1, 2, & 3'),
(562, 'all verses'),
(563, 'Andy'),
(564, 'all'),
(565, 'v 1, 2, 4'),
(566, 'parts, if able'),
(567, 'v, 1, 2, 4'),
(568, 'v 1, 2'),
(569, 'Nam'),
(570, 'v 1, 2, 3'),
(571, 'start: refrain'),
(572, 'Trí'),
(573, 'v 1, 2, 3'),
(574, 'v 1, 2, 3'),
(575, 'v, 1, 3, 4'),
(576, 'v1, 2'),
(577, 'Nam'),
(578, 'Thùy'),
(579, 'v1, 3'),
(580, 'v1, 2'),
(581, 'Trí'),
(582, 'Potter , Tracey'),
(583, 'all 3'),
(584, 'Theresa'),
(585, 'v 1, 2'),
(586, 'v 1, 2, 4'),
(587, 'v 1, 3'),
(588, 'all verses. v2 in spanish'),
(589, 'Chris'),
(590, 'start: refrain, v 1, 2'),
(591, '1, 2, 4'),
(592, 'Eric, Angie'),
(593, '1, 2, 4'),
(594, 'Nam'),
(595, 'John'),
(596, 'John'),
(597, 'John'),
(598, 'John'),
(599, 'Chris'),
(600, 'Chris'),
(601, 'John'),
(602, 'v 1, 3, 5'),
(603, 'all verses'),
(604, 'all verses'),
(605, '1, 3: eng, 2:spanish'),
(606, 'all verses, vnamese last verse'),
(607, 'verses 1, 2, 4'),
(608, 'all verses'),
(609, 'all vnamese'),
(610, 'all verses'),
(611, 'Chris'),
(612, 'Chris'),
(613, 'calvin'),
(614, 'Chris'),
(615, 'Theresa'),
(616, 'Theresa'),
(617, 'Calvin'),
(618, 'Theresa'),
(619, 'Theresa'),
(620, 'Theresa'),
(621, 'Theresa'),
(622, 'Calvin'),
(625, 'Chris'),
(624, 'Christopher'),
(626, 'Chris'),
(627, 'Chris'),
(628, 'Theresa'),
(629, 'Theresa'),
(630, '3,4, 5: Lord, come and save us'),
(631, 'all verses'),
(632, 'all verses'),
(633, 'all verses'),
(634, 'needs arrangement'),
(635, 'Let the Lord enter'),
(636, 'hm..., no perc'),
(637, 'Justice shall flourish in His ti'),
(638, 'Verde'),
(639, 'Calvin'),
(640, 'Calvin'),
(641, 'Lynn?'),
(642, 'Nam/Potter'),
(643, 'Chris'),
(644, 'Chris'),
(645, 'Chris'),
(646, 'Andy'),
(647, 'Chris'),
(648, 'Chris'),
(649, 'Theresa'),
(650, 'Theresa'),
(651, 'Callvin'),
(652, 'Theresa'),
(653, 'Theresa'),
(654, 'Theresa'),
(655, 'Theresa'),
(656, 'Calvin'),
(657, 'Not singing'),
(658, 'Calvin'),
(659, 'My'),
(660, 'danny on the guitar'),
(661, 'Theresa'),
(662, 'Theresa'),
(663, 'Theresa'),
(664, 'Theresa'),
(665, 'Andy'),
(666, 'Thuy, Nam, My'),
(667, 'Chris'),
(668, 'Theresa'),
(669, 'Theresa'),
(670, 'Theresa'),
(671, 'Theresa'),
(672, 'Theresa'),
(673, 'Theresa'),
(674, 'Theresa'),
(675, 'Theresa'),
(676, 'Calvin'),
(677, 'Calvin'),
(678, 'Chris'),
(679, 'My'),
(680, 'Lord, every nation on earth'),
(681, 'will update music'),
(682, 'v 1,2,3'),
(683, 'all'),
(684, 'eric'),
(685, 'v. 1 & 2'),
(686, 'My'),
(687, 'Chris'),
(688, 'Calvin'),
(689, 'Theresa'),
(690, 'Chris'),
(691, 'Chris'),
(692, 'Chris'),
(693, 'Chris'),
(694, 'Chris'),
(695, 'My'),
(696, 'John'),
(697, 'v 1, 2, 3'),
(698, 'Tri'),
(699, 'acappella'),
(700, 'acappella'),
(701, 'sequence before accl.'),
(702, 'all verses'),
(703, 'english only'),
(704, 'John'),
(705, 'Helen'),
(706, 'Tracey'),
(707, 'all'),
(708, '1, 3, 6'),
(709, 'begin: refrain, 1, 2'),
(710, 'all'),
(711, 'Lynn'),
(712, 'v 1 &2'),
(713, 'Anne'),
(714, 'hai'),
(715, 'john'),
(716, 'john'),
(717, 'john'),
(718, 'john'),
(719, 'john conducts'),
(720, 'v 2, 4, 6, John'),
(721, 'all 3 verses - John'),
(722, 'all 3 verses - john'),
(723, 'hoan'),
(724, 'Hai'),
(725, 'Calvin'),
(726, 'Thuy'),
(727, 'Calvin'),
(728, 'Hoan'),
(729, 'Calvin'),
(730, 'Chris'),
(731, 'John'),
(732, 'John'),
(733, 'Chris'),
(734, 'Chris'),
(735, 'Chris'),
(736, 'Chris'),
(737, 'John'),
(738, 'Chris'),
(739, 'Chris'),
(740, 'Calvin'),
(741, 'Andy'),
(742, 'Andy'),
(743, 'john'),
(744, 'john'),
(745, 'john'),
(746, 'john'),
(747, 'john'),
(748, 'john'),
(749, 'seq: By the Waking of our Hearts'),
(750, '1, 3, 4, 5 - hoan'),
(751, 'seq: 1, 3,4, 5'),
(752, 'chris'),
(753, 'john'),
(754, 'john'),
(755, 'hoan'),
(756, 'nam'),
(757, 'chris'),
(758, 'chris'),
(759, 'chris'),
(760, 'chris'),
(761, 'chris'),
(762, 'chris'),
(763, 'calvin/chris'),
(764, 'chris'),
(765, 'chris'),
(766, 'my/calvin? can u play?'),
(767, 'seq: john'),
(768, 'v 1, 3, 5'),
(769, 'v 1, 2, 3'),
(770, 'v 1, 2, 3'),
(771, 'chris'),
(772, 'john'),
(773, 'john'),
(774, 'john'),
(775, 'nam or hoan'),
(776, 'calvin'),
(777, 'john'),
(778, 'john'),
(779, 'john'),
(780, 'john'),
(781, 'chris'),
(782, 'hoan'),
(783, 'tracey'),
(784, 'chris'),
(785, 'chris'),
(786, 'Chris'),
(787, 'Andy'),
(788, 'Guitar'),
(789, 'Guitar'),
(790, 'Calvin'),
(791, 'Chris'),
(792, 'strings'),
(793, 'strings'),
(794, 'strings'),
(795, 'strings'),
(796, 'Calvin'),
(797, 'Chris'),
(798, 'Andy'),
(799, 'John'),
(800, 'Chris'),
(801, 'John'),
(802, 'John'),
(803, 'Thuy'),
(804, 'John'),
(805, 'John'),
(806, 'John'),
(807, 'John'),
(808, 'Thuy'),
(809, 'John'),
(810, 'Chris'),
(811, 'John'),
(812, 'Andria'),
(813, 'Thuy'),
(814, 'Calvin'),
(815, 'John'),
(816, 'Hoan'),
(817, 'Chris'),
(818, 'strings'),
(819, 'Hoan'),
(820, 'Calvin'),
(821, 'John'),
(822, 'Chris'),
(823, 'strings'),
(824, 'strings'),
(825, 'strings'),
(826, 'strings'),
(827, 'Andy'),
(828, 'Calvin'),
(829, 'strings'),
(830, 'Calvin'),
(831, 'John'),
(832, 'John'),
(833, 'John'),
(834, 'John'),
(835, 'John'),
(836, 'Hoan'),
(837, 'Nam'),
(838, 'Hoan'),
(839, 'lynn'),
(840, 'o god, may the nation praise you'),
(841, '1, 2'),
(842, '1, 2, 4'),
(843, 'all'),
(844, 'one slide, please'),
(845, '1, 2'),
(846, 'vn only'),
(847, 'all'),
(848, '1,2,3'),
(849, '1, 3'),
(850, '1-4'),
(851, 'Thùy'),
(852, '1-2'),
(853, 'all 3'),
(854, 'viet'),
(855, 'all 3'),
(856, 'Tracey'),
(857, 'v1,2,4'),
(866, 'hoan:parts'),
(862, 'all/ john conducts'),
(861, 'v1, 2'),
(864, 'v1, 2'),
(865, 'Calvin'),
(867, 'parts'),
(868, 'reh: refrain only'),
(869, 'unison'),
(870, 'Nam'),
(871, 'Lynn, Tracey'),
(872, 'Tracey'),
(873, 'type melody'),
(874, 'all 3'),
(875, 'hmming or instrumental'),
(876, 'Dem Thanh Vo Cung'),
(877, '& What Child Is This'),
(878, '& Feliz Navidad'),
(879, 'maybe'),
(880, 'Birth Song'),
(881, 'as a perfect'),
(882, 'alternative'),
(883, '*new'),
(884, '*new'),
(885, '*new'),
(887, '1, 3, 4'),
(888, 'Calvin'),
(889, 'Chris'),
(890, 'duy'),
(891, 'Tracey'),
(892, 'Eric'),
(893, 'Randy, Tracey'),
(894, 'Nam'),
(895, 'John, Thuy'),
(896, 'Tracey & ? Lynn?'),
(897, 'Thao'),
(898, 'Thuy'),
(899, 'John'),
(900, 'My'),
(901, 'Thuy'),
(902, 'Nam'),
(903, 'Thuy'),
(904, 'Thuy'),
(905, 'Thuy'),
(906, 'Thuy'),
(907, 'Hoan/John'),
(908, 'John'),
(909, 'John'),
(910, 'new!'),
(911, 'bilingual'),
(912, 'zrFpI2'),
(913, 'wRbh2'),
(914, 'hkl2vR'),
(915, 'pcxKdV'),
(916, 'xncUpq'),
(917, '4ECTbO'),
(918, 'bI3wA'),
(919, '73DPyz'),
(920, 'Ze0M2Q'),
(921, 'UCNfF'),
(922, '8v5bv'),
(923, 'pbdhok'),
(924, 'b4gs5'),
(925, 'EwBgm'),
(926, 'Hpds8'),
(927, 'O4RT8M'),
(928, 'v5rDl'),
(929, '9aa1ZC'),
(930, 'b870zr'),
(931, 'MAFWN9'),
(932, 'o5CYb'),
(933, 'yJQ03'),
(934, 'rlfaps@kxhrfx.com'),
(935, 'rlfaps@kxhrfx.com'),
(936, 'rlfaps@kxhrfx.com'),
(937, 'DN3TZR'),
(938, 'IgRwSS'),
(939, 'M4xqta'),
(940, 'eVVOa'),
(941, '4eTMC');

-- --------------------------------------------------------

--
-- Table structure for table `PUBLISHERS`
--

DROP TABLE IF EXISTS `PUBLISHERS`;
CREATE TABLE IF NOT EXISTS `PUBLISHERS` (
  `id` smallint(6) NOT NULL AUTO_INCREMENT,
  `name` varchar(50) NOT NULL DEFAULT '',
  PRIMARY KEY (`id`)
) ENGINE=MyISAM  DEFAULT CHARSET=utf8 AUTO_INCREMENT=3 ;

--
-- Dumping data for table `PUBLISHERS`
--

INSERT INTO `PUBLISHERS` (`id`, `name`) VALUES
(1, 'Oregon Catholic Press (OCP)'),
(2, 'Gregorian Institute of America(GIA)');

-- --------------------------------------------------------

--
-- Table structure for table `SONGS`
--

DROP TABLE IF EXISTS `SONGS`;
CREATE TABLE IF NOT EXISTS `SONGS` (
  `id` smallint(6) NOT NULL AUTO_INCREMENT,
  `title` varchar(50) NOT NULL DEFAULT '',
  `firstline` varchar(50) DEFAULT NULL,
  `publisherid` smallint(6) DEFAULT NULL,
  `vocalpages` smallint(6) NOT NULL DEFAULT '0',
  `vocalprefix` varchar(100) DEFAULT NULL,
  `guitarpages` smallint(6) NOT NULL DEFAULT '0',
  `guitarprefix` varchar(100) DEFAULT NULL,
  `pianopages` smallint(6) NOT NULL DEFAULT '0',
  `pianoprefix` varchar(100) DEFAULT NULL,
  `solopages` smallint(6) NOT NULL DEFAULT '0',
  `soloprefix` varchar(100) DEFAULT NULL,
  `mp3pages` smallint(6) NOT NULL DEFAULT '0',
  `mp3prefix` varchar(100) DEFAULT NULL,
  PRIMARY KEY (`id`),
  FULLTEXT KEY `title_2` (`title`,`firstline`)
) ENGINE=MyISAM  DEFAULT CHARSET=utf8 AUTO_INCREMENT=536 ;

--
-- Dumping data for table `SONGS`
--

INSERT INTO `SONGS` (`id`, `title`, `firstline`, `publisherid`, `vocalpages`, `vocalprefix`, `guitarpages`, `guitarprefix`, `pianopages`, `pianoprefix`, `solopages`, `soloprefix`, `mp3pages`, `mp3prefix`) VALUES
(1, 'All That Is Hidden', 'If you would follow me', 1, 2, 'songs/all that is hidden/all that is hidden', 2, 'songs/all that is hidden/all that is hidden', 2, 'songs/all that is hidden/all that is hidden', 0, '', 0, NULL),
(2, 'Alleluia', 'Alleluia, alleluia, transform us', 0, 2, 'songs/francisco alleluia/francisco alleluia', 0, '', 0, '', 0, '', 0, NULL),
(3, 'Alleluia! Sing To Jesus', 'Alleluia! Sing to Jesus!', 1, 2, 'songs/alleluia! sing to jesus/alleluia! sing to jesus', 0, '', 0, '', 0, '', 0, NULL),
(4, 'Amor De Dios', 'O Love of God, gather us', 1, 1, 'songs/amor de dios/amor de dios', 1, 'songs/amor de dios/amor de dios', 1, 'songs/amor de dios/amor de dios', 0, '', 0, NULL),
(5, 'O Come, O Come Emmanuel', 'O come, o come Emmanuel', 1, 2, 'songs/o come, o come, emmanuel/o come, o come, emmanuel', 1, 'songs/o come, o come, emmanuel/o come, o come, emmanuel', 0, '', 0, '', 0, NULL),
(6, 'Choral Intercession', 'Lord, in your mercy', 1, 1, 'songs/choral intercession schultz/choral intercession', 0, NULL, 0, NULL, 0, NULL, 0, NULL),
(7, 'Dâng Chúa Trời', 'Dâng, dâng Chúa Trời lúa thơm nho chín', 1, 1, 'songs/dang chua troi/dang chua troi', 0, '', 0, '', 0, '', 0, NULL),
(8, 'Mass of Creation: Holy Holy', 'Holy, holy holy Lord', 1, 0, '', 1, 'songs/mass of creation/holy', 0, '', 0, '', 0, NULL),
(9, 'Mass of Creation: Memorial Acclamation', 'Christ has died, Christ has risen', 1, 0, '', 1, 'songs/mass of creation/memorial acclamation', 0, '', 0, '', 0, NULL),
(10, 'Mass of Creation: Great Amen', 'Amen, amen, amen', 1, 0, '', 1, 'songs/mass of creation/great amen', 0, '', 0, '', 0, NULL),
(11, 'Mass of Creation: Lamb of God', 'Jesus lamb of God', 1, 0, '', 1, 'songs/mass of creation/lamb of god', 0, '', 0, '', 0, NULL),
(12, 'There Is A Longing', 'There is a longing in our hearts', 1, 0, '', 1, 'songs/there is a longing/there is a longing', 0, '', 0, '', 0, NULL),
(13, 'Only This I Want', 'Only this I want, but to know the Lord', 1, 0, '', 1, 'songs/only this i want/only this i want', 0, '', 0, '', 0, NULL),
(14, 'In The Day of The Lord', 'In the day of the Lord, the sun will rise', 1, 1, 'songs/in the day of the lord/in the day of the lord', 2, 'songs/in the day of the lord/in the day of the lord', 2, 'songs/in the day of the lord/in the day of the lord', 0, '', 0, NULL),
(15, 'Psalm 25: To You, O God, I Lift Up My Soul', 'To you O God I lift up my soul, lift up my spirit', 1, 2, 'songs/ps 25 to you o god i lift up my soul/to you o god', 1, 'songs/ps 25 to you o god i lift up my soul/to you o god', 2, 'songs/ps 25 to you o god i lift up my soul/to you o god', 0, '', 0, NULL),
(16, 'Maranatha', 'Maranatha, Người ơi mau đến, Người đến', 1, 1, 'songs/maranatha/maranatha', 2, 'songs/maranatha/maranatha', 0, NULL, 0, NULL, 0, NULL),
(17, 'Psalm 85: Let Us See Your Kindness', 'Let us see your kindness, O Lord', 1, 1, 'songs/ps 85 let us see your kindness/ps 85 let us see your kindness', 2, 'songs/ps 85 let us see your kindness/ps 85 let us see your kindness', 0, NULL, 0, NULL, 0, NULL),
(18, 'Christ Be Our Light', 'Longing for light, we wait in darkness', 1, 1, 'songs/christ be our light/christ be our light', 1, 'songs/christ be our light/christ be our light', 0, NULL, 0, NULL, 0, NULL),
(19, 'On Eagle''s Wings', 'You who dwell in the shelter of the Lord', 1, 0, NULL, 2, 'songs/on eagles wings/on eagles wings', 0, NULL, 0, NULL, 0, NULL),
(20, 'Wait For The Lord', 'Wait for the Lord, whose day is near', 2, 1, 'songs/wait for the lord/wait for the lord', 0, NULL, 0, NULL, 0, NULL, 0, NULL),
(21, 'Sing of the Lord''s Goodness', 'Sing of the Lord''s goodness, Father of all', 1, 0, NULL, 1, 'songs/sing of the lord''s goodness/sing of the lord''s goodness', 1, 'songs/sing of the lord''s goodness/sing of the lord''s goodness', 0, NULL, 0, NULL),
(22, 'Kyrie', 'Kyrie eleison', -1, 1, 'songs/kyrie schultz/kyrie', 0, NULL, 0, NULL, 0, NULL, 0, NULL),
(23, 'Nguyện Mùa Vọng', 'Từ trần gian cho ngước trông lên', NULL, 1, 'songs/nguyen mua vong/nguyen mua vong', 0, NULL, 0, NULL, 0, NULL, 0, NULL),
(24, 'Luke 1 My Soul Rejoices', 'My soul rejoices, in God, my savior', 1, 0, NULL, 1, 'songs/luke 1 my soul rejoices/luke 1 my soul rejoices', 0, NULL, 0, NULL, 0, NULL),
(25, 'Hail Mary: Gentle Woman', 'Hail Mary, full of grace', NULL, 0, NULL, 2, 'songs/hail mary gentle woman/hail mary gentle woman', 0, NULL, 0, NULL, 0, NULL),
(26, 'As Water To the Thirsty', 'As water to the thirsty, as beauty to', 1, 1, 'songs/as water to the thirsty/as water to the thirsty', 2, 'songs/as water to the thirsty/as water to the thirsty', 5, 'songs/as water to the thirsty/as water to the thirsty', 0, NULL, 0, NULL),
(27, 'Hail Holy Queen', 'Hail holy Queen enthroned above', 1, 1, 'songs/hail holy queen/hail holy queen', 1, 'songs/hail holy queen/hail holy queen', 0, NULL, 0, NULL, 0, NULL),
(28, 'Trời Cao', 'Trời cao hãy đổ sương xuống, và ngàn mây', NULL, 1, '/songs/troi cao/troi cao', 0, NULL, 1, '/songs/troi cao/troi cao', 0, NULL, 0, NULL),
(29, 'Psalm 89: Forever I Will Sing', 'Forever I will sing the goodness of the Lord', 1, 0, NULL, 1, '/songs/ps 89 forever i will sing/ps 89 forever i will sing', 0, NULL, 0, NULL, 0, NULL),
(30, 'Mary, Did You Know?', 'music will be upload by dec 5th', NULL, 4, 'songs/mary did you know/mary did you know', 0, NULL, 0, NULL, 0, NULL, 0, NULL),
(31, 'Servant Song', 'What do you want of me, Lord?', 1, 0, NULL, 2, 'songs/servant song/servant song', 2, 'songs/servant song/servant song', 0, NULL, 0, NULL),
(32, 'O Come All Ye Faithful', 'O come all ye faithful, joyful and triumphant', 1, 0, NULL, 1, 'songs/o come all ye faithful/o come all ye faithful', 0, NULL, 0, NULL, 0, NULL),
(33, 'Mass of Light: Gloria', 'Gloria to God in the highest, sing glory to God', 2, 1, 'songs/mass of light/gloria', 2, 'songs/mass of light/gloria', 0, NULL, 0, NULL, 0, NULL),
(34, 'Psalm 98: All the Ends of the Earth', 'All the ends of the earth have seen the power', 1, 2, 'songs/ps 98 all the ends/ps 98 all the ends', 2, 'songs/ps 98 all the ends/ps 98 all the ends', 0, NULL, 0, NULL, 0, NULL),
(35, 'Mass of Glory: Alleluia! Give the Glory', 'Alleluia, alleluia, alleluia. Give the glory', 1, 0, NULL, 1, 'songs/mass of glory/alleluia.glory', 0, NULL, 0, NULL, 0, NULL),
(36, 'Mass of Glory: Holy', 'Holy holy Lord, God of power and might', 1, 2, 'songs/mass of glory/holy.glory', 1, 'songs/mass of glory/holy.glory', 0, NULL, 0, NULL, 0, NULL),
(37, 'Mass of Glory: Memorial Acclamation A', 'Christ has died, Christ has risen', 1, 2, 'songs/mass of glory/mem accl.glory', 1, 'songs/mass of glory/mem accl.glory', 0, NULL, 0, NULL, 0, NULL),
(38, 'Mass of Glory: Great Amen 2', 'Amen, amen, amen', 1, 2, 'songs/mass of glory/amen.glory', 1, 'songs/mass of glory/amen.glory', 0, NULL, 0, NULL, 0, NULL),
(39, 'Mass of Glory: Lamb of God 2', 'Jesus Lamb of God, you take away', 1, 2, 'songs/mass of glory/lamb.glory', 1, 'songs/mass of glory/lamb.glory', 0, NULL, 0, NULL, 0, NULL),
(40, 'What Child Is This', 'What child is this, who, laid to rest', 1, 0, NULL, 1, 'songs/what child is this/what child is this', 0, NULL, 0, NULL, 0, NULL),
(41, 'Away In A Manger', 'Away in a manger, no crib for a bed', 1, 0, NULL, 1, 'songs/away in a manger/away in a manger', 0, NULL, 0, NULL, 0, NULL),
(42, 'Angels'' Carol', 'Have you heard the news that they bring', NULL, 0, NULL, 0, NULL, 0, NULL, 0, NULL, 0, NULL),
(43, 'Silent Night', 'Silent night, holy night, all is calm', 1, 2, 'songs/silent night/silent night', 1, 'songs/silent night/silent night', 0, NULL, 0, NULL, 0, NULL),
(44, 'Angels We Have Heard On High', 'Angels we have heard on high, singing sweetly', 1, 1, 'songs/angels we have heard on high/angels we have heard on high', 0, NULL, 0, NULL, 0, NULL, 0, NULL),
(45, 'Night of Silence/Silent Night Medley', 'Cold are the people, winter of life', 2, 1, 'songs/night of silence/night of silence', 2, 'songs/night of silence/night of silence', 0, NULL, 0, NULL, 0, NULL),
(46, 'Ave Maria', 'Ave Maria, Gratia plena Maria', 1, 0, NULL, 0, NULL, 0, NULL, 0, NULL, 0, NULL),
(47, 'Hang Bêlem', 'Đêm đông lạnh lẽo Chúa sinh ra đời nằm trong', NULL, 1, 'songs/hang belem/hang belem', 1, 'songs/hang belem/hang belem', 0, NULL, 0, NULL, 0, NULL),
(48, 'WeThree Kings', 'We three kings of orient are', 1, 1, 'songs/we three kings/we three kings', 0, NULL, 0, NULL, 0, NULL, 0, NULL),
(49, 'Psalm 72: Lord Every Nation', 'Lord, every nation on earth will adore you', 1, 0, NULL, 2, 'songs/ps 72 lord every nation/ps 72 lord every nation', 0, NULL, 0, NULL, 0, NULL),
(50, 'Mùa Đông Năm Ấy', 'Mùa đông năm ấy sao sáng soi', NULL, 1, 'songs/mua dong nam ay/mua dong nam ay', 0, NULL, 0, NULL, 0, NULL, 0, NULL),
(51, 'Hark! The Herald Angels Sing', 'Hark! the herald angels sing: "Glory', 1, 1, 'songs/hark the herald/hark the herald', 1, 'songs/hark the herald/hark the herald', 0, NULL, 0, NULL, 0, NULL),
(52, 'All Are Welcome', 'Let us build a house where', 1, 2, 'songs/all are welcome/all are welcome', 0, NULL, 0, NULL, 0, NULL, 0, NULL),
(53, 'Psalm 40: Here I Am', 'Here I am Lord, here I am', 1, 1, 'songs/ps 40 here i am/ps 40 here i am', 1, 'songs/ps 40 here i am/ps 40 here i am', 0, NULL, 0, NULL, 0, NULL),
(54, 'The Summons', 'Will you come and follow me If I but', 1, 1, 'songs/the summons/the summons', 1, 'songs/the summons/the summons', 0, NULL, 0, NULL, 0, NULL),
(55, 'Nhân Chứng Tình Yêu', 'Khi con nghe tiếng kêu mời gọi con', NULL, 1, 'songs/nhan chung tinh yeu/nhan chung tinh yeu', 0, NULL, 0, NULL, 0, NULL, 0, NULL),
(56, 'No Longer I', 'No longer I but Christ who lives within me', 1, 2, 'songs/no longer i/no longer i', 2, 'songs/no longer i/no longer i', 7, 'songs/no longer i/no longer i', 1, 'songs/no longer i/no longer i', 0, NULL),
(57, 'We Shall Overcome', 'We shall overcome, we shall over come', 1, 1, 'songs/we shall overcome/we shall overcome', 0, NULL, 0, NULL, 0, NULL, 0, NULL),
(58, 'Hát Lên Bài Ca', 'Hát lên bài ca, hỡi ngàn dân', NULL, 1, 'songs/hat len bai ca/hat len bai ca', 0, NULL, 0, NULL, 0, NULL, 0, NULL),
(59, 'Pan De Vida', 'Pan de vida cuerpo del senor, cup of', 1, 2, 'songs/pan de vida/pan de vida', 2, 'songs/pan de vida/pan de vida', 3, 'songs/pan de vida/pan de vida', 0, NULL, 0, NULL),
(60, 'You Are Mine', 'I will come to you in the silence', 1, 1, 'songs/you are mine/you are mine', 2, 'songs/you are mine/you are mine', 2, 'songs/you are mine/you are mine', 1, 'songs/you are mine/you are mine', 0, NULL),
(61, 'Hold Me In Life', 'Hold me in life for you are my safety', 1, 1, 'songs/hold me in life/hold me in life', 1, 'songs/hold me in life/hold me in life', 1, 'songs/hold me in life/hold me in life', 0, NULL, 0, NULL),
(62, 'Be Not Afraid 2', 'Be not afraid, I go before you always', 1, 4, 'songs/be not afraid 2/be not afraid 2', 0, NULL, 0, NULL, 0, NULL, 1, 'songs/be not afraid 2/be not afraid 2'),
(63, 'Xuân Thanh Bình', 'A a xuân về, hôm nay xuân về', NULL, 1, 'songs/xuan thanh binh/xuan thanh binh', 0, NULL, 0, NULL, 0, NULL, 0, NULL),
(64, 'Psalm 95: If Today You Hear God''s Voice', 'If today you hear God''s voice, harden not', 1, 1, 'songs/ps 95 if today you hear his voice/ps 95 if today you hear his voice', 0, NULL, 1, 'songs/ps 95 if today you hear his voice/ps 95 if today you hear his voice', 0, NULL, 0, NULL),
(65, 'Boundless Love', 'Tình yêu Chúa cao vời biết bao', NULL, 2, 'songs/boundless love/boundless love', 0, NULL, 0, NULL, 0, NULL, 0, NULL),
(66, 'Cầu Cho Cha Mẹ 2', 'Xin Chúa í a chúc lành cho đời cha mẹ', NULL, 1, 'songs/cau cho cha me 2/cau cho cha me 2', 0, NULL, 0, NULL, 0, NULL, 0, NULL),
(67, 'Send Us', 'O Jesus send us as your servants', NULL, 0, NULL, 1, 'songs/send us/send us', 0, NULL, 0, NULL, 0, NULL),
(68, 'Tôi Đã Thấy Nước', 'Tôi đã thấy nước từ bên phải đền thờ', NULL, 1, 'songs/toi da thay nuoc/toi da thay nuoc', 0, NULL, 0, NULL, 0, NULL, 0, NULL),
(69, 'Kinh Vinh Danh', 'Vinh danh vinh danh Chúa, glory to God', NULL, 1, 'songs/kinh vinh danh/kinh vinh danh', 0, NULL, 0, NULL, 0, NULL, 0, NULL),
(70, 'Celtic Alleluia', 'Alleluia, alleluia. Alleluia, alleluia', 1, 1, 'songs/alleluia.celtic/celtic', 1, 'songs/alleluia.celtic/celtic', 1, 'songs/alleluia.celtic/celtic', 0, NULL, 0, NULL),
(71, 'All Things Bright and Beautiful', 'All things bright and beautiful, all creatures', NULL, 4, 'songs/all things bright and beautiful/all things bright', 0, NULL, 8, 'songs/all things bright and beautiful/all things bright', 0, NULL, 1, 'songs/all things bright and beautiful/all things bright'),
(72, 'All Creatures of Our God and King', 'All creatures of our God and King, lift up your', 1, 2, 'songs/all creatures of our god and king/all creatures', 1, 'songs/all creatures of our god and king/all creatures', 0, NULL, 0, NULL, 0, NULL),
(73, 'Psalm 34: The Cry of the Poor', 'The Lord hears the cry of the poor, blessed be', 1, 1, 'songs/cry of the poor/cry of the poor', 1, 'songs/cry of the poor/cry of the poor', 0, NULL, 0, NULL, 0, NULL),
(74, 'Be Not Afraid', 'You shall cross the baren the dessert', 1, 3, 'songs/be not afraid/be not afraid', 0, NULL, 3, 'songs/be not afraid/be not afraid', 0, NULL, 1, 'songs/be not afraid/be not afraid'),
(75, 'Tin Yêu Ca', 'Dù sống trong cơ cực, dù chết nơi tù đầy', NULL, 1, 'songs/tin yeu ca/tin yeu ca', 0, NULL, 0, NULL, 0, NULL, 0, NULL),
(76, 'Don''t Let Your Hearts Be Troubled', 'Don''t let your hearts be troubled, don''t let your', NULL, 1, 'songs/don''t let your hearts be troubled/don''t let your hearts be troubled', 0, NULL, 0, NULL, 0, NULL, 1, 'songs/don''t let your hearts be troubled/don''t let your hearts be troubled'),
(77, 'Fly Like A Bird', 'Fly like a bird, to the Lord, my soul', 1, 0, NULL, 2, 'songs/fly like a bird/fly like a bird', 3, 'songs/fly like a bird/fly like a bird', 0, NULL, 0, NULL),
(78, 'Xin Ban Thêm Lòng Tin', 'Xin ban thêm lòng tin nơi Chúa để đời', NULL, 0, NULL, 1, 'songs/xin ban them long tin/xin ban them long tin', 0, NULL, 0, NULL, 0, NULL),
(79, 'We Will Rise Again', 'Like a shepherd I will feed you, I will gather', 1, 1, 'songs/we will rise again/we will rise again', 1, 'songs/we will rise again/we will rise again', 0, NULL, 1, 'songs/we will rise again/we will rise again', 1, 'songs/we will rise again/we will rise again'),
(80, 'Psalm 103: Loving and Forgiving', 'Loving and forgiving are you, O Lord. Slow to ange', 1, 1, 'songs/ps 103 loving and forgiving/ps 103 loving and forgiving', 1, 'songs/ps 103 loving and forgiving/ps 103 loving and forgiving', 0, NULL, 1, 'songs/ps 103 loving and forgiving/ps 103 loving and forgiving', 0, NULL),
(81, 'From East and West', 'Come from the east, come from the west', NULL, 2, 'songs/from east and west/from east and west', 2, 'songs/from east and west/from east and west', 0, NULL, 0, NULL, 0, NULL),
(82, 'Psalm 100: We Are Your People', 'We are your people o Lord, we are the flock', NULL, 1, 'songs/ps 100 we are your people/ps 100 we are your people', 0, NULL, 0, NULL, 0, NULL, 1, 'songs/ps 100 we are your people/ps 100 we are your people'),
(83, 'Bless The Lord', 'Bless the Lord my soul and bless God''s holy name', NULL, 2, 'songs/bless the lord/bless the lord', 0, NULL, 0, NULL, 2, 'songs/bless the lord/bless the lord', 0, NULL),
(84, 'Amazing Grace', 'Amazing grace how great how sweet the sound that s', NULL, 1, 'songs/amazing grace/amazing grace', 0, NULL, 0, NULL, 0, NULL, 0, NULL),
(85, 'Hurd Mass: Holy', 'Holy, holy, holy Lord God of pow''r and might', NULL, 2, 'songs/hurd mass/holy.hurd', 0, NULL, 4, 'songs/hurd mass/holy.hurd', 1, 'songs/hurd mass/holy.hurd', 0, NULL),
(86, 'Hurd Mass: Memorial Acclamation', 'Christ has died. Christ has risen, Christ will com', NULL, 1, 'songs/hurd mass/memorial accl.hurd', 0, NULL, 2, 'songs/hurd mass/memorial accl.hurd', 1, 'songs/hurd mass/memorial accl.hurd', 0, NULL),
(87, 'Hurd Mass: Great Amen', 'Amen, amen, amen.', NULL, 1, 'songs/hurd mass/amen.hurd', 0, NULL, 2, 'songs/hurd mass/amen.hurd', 1, 'songs/hurd mass/amen.hurd', 0, NULL),
(88, 'Hurd Mass: Lamb of God', 'Lamb of God, you take away the sins of the world', NULL, 1, 'songs/hurd mass/lamb.hurd', 0, NULL, 3, 'songs/hurd mass/lamb.hurd', 1, 'songs/hurd mass/lamb.hurd', 0, NULL),
(89, 'Ven Al Banquete', 'Ven ven al banquete, ven a la fiesta de Dios', 1, 3, 'songs/ven al banquete/ven al banquete', 2, 'songs/ven al banquete/ven al banquete', 5, 'songs/ven al banquete/ven al banquete', 2, 'songs/ven al banquete/ven al banquete', 1, 'songs/ven al banquete/ven al banquete'),
(90, 'The Supper of the Lord', 'Precious body precious Lord. Here in bread and win', 1, 1, 'songs/the supper of the lord/supper of the lord', 1, 'songs/the supper of the lord/supper of the lord', 0, NULL, 0, NULL, 0, NULL),
(91, 'Deep Within', 'Deep within, I will plant my law, not on stone, bu', 2, 1, 'songs/deep within/deep within', 0, NULL, 0, NULL, 0, NULL, 0, NULL),
(92, 'In These Days of Lenten Journey', 'In these days of lenten journey we have seen', 1, 0, NULL, 1, '/songs/in these days of lenten journey/in these days of lenten journey', 2, '/songs/in these days of lenten journey/in these days of lenten journey', 0, NULL, 0, NULL),
(93, 'Lenten Gospel Acclamation', 'Praise to you Lord Jesus Christ, king of endless g', NULL, 1, 'songs/lenten acclamation schultz/gospel acclamation', 0, NULL, 0, NULL, 0, NULL, 0, NULL),
(94, 'Hosea', 'Come back to me, with all your heart', 1, 2, 'songs/hosea/hosea', 1, 'songs/hosea/hosea', 0, NULL, 0, NULL, 0, NULL),
(96, 'Lead Me, Lord', 'Blessed are the poor in spirit, longing for their', 1, 2, 'songs/lead me lord/lead me lord', 1, 'songs/lead me lord/lead me lord', 0, NULL, 0, NULL, 0, NULL),
(97, 'Psalm 91: Be With Me', 'Be with me Lord when I am in trouble', 1, 2, 'songs/ps 91 be with me/ps 91 be with me', 0, NULL, 3, 'songs/ps 91 be with me/ps 91 be with me', 0, NULL, 0, NULL),
(98, 'Lời Kinh Nguyện Trầm', 'Còn lời nào trầm như lời kinh đêm con dâng lên', NULL, 1, 'songs/loi kinh nguyen tram/loi kinh nguyen tram', 0, NULL, 0, NULL, 0, NULL, 0, NULL),
(99, 'Our Blessing Cup', 'Our blessing cup is a communion with the blood of', 1, 1, 'songs/our blessing cup/our blessing cup', 1, 'songs/our blessing cup/our blessing cup', 1, 'songs/our blessing cup/our blessing cup', 0, NULL, 0, NULL),
(100, 'Christ Be Beside Me', 'Christ be beside me, Christ be below me', 1, 1, 'songs/christ be beside me/christ be beside me', 0, NULL, 0, NULL, 0, NULL, 0, NULL),
(101, 'Óyenos, Señor', 'Óyenos, Señor. Dinggin mo kami. Listen to your peo', 1, 0, NULL, 1, 'songs/oyenos senor/oyenos senor', 0, NULL, 0, NULL, 0, NULL),
(102, 'Psalm 19: Lord, You Have the Word', 'Lord, you have the word of everlasting life', 2, 2, 'songs/ps 19 lord you have the word/ps 19 lord you have the word', 1, 'songs/ps 19 lord you have the word/ps 19 lord you have the word', 1, 'songs/ps 19 lord you have the word/ps 19 lord you have the word', 0, NULL, 0, NULL),
(103, 'Come, Taste and See', 'All you who are thirsty, come to the water', 1, 0, NULL, 1, 'songs/come taste and see/come taste and see', 1, 'songs/come taste and see/come taste and see', 1, 'songs/come taste and see/come taste and see', 0, NULL),
(104, 'Cha Ơi Con Đã Về', 'Một người ngồi trong nắng mắt buồn đẫm lệ', NULL, 1, 'songs/cha oi con da ve/cha oi con da ve', 0, NULL, 0, NULL, 0, NULL, 0, NULL),
(105, 'Cầu Xin Thánh Gia', 'Guise trong xóm nhỏ điêu tàn thuở xưa', NULL, 1, 'songs/cau xin thanh gia/cau xin thanh gia', 0, NULL, 0, NULL, 0, NULL, 0, NULL),
(106, 'Psalm 130: With the Lord, There Is Mercy', 'With the Lord there is mercy,, and fullness', 1, 2, 'songs/ps 130 with the lord/ps 130 with the lord', 0, NULL, 3, 'songs/ps 130 with the lord/ps 130 with the lord', 0, NULL, 0, NULL),
(107, 'Thân Phận Lưu Đầy', 'Bên sông Babilon, ngồi tôi khóc', NULL, 1, 'songs/than phan luu day/than phan luu day', 0, NULL, 0, NULL, 0, NULL, 0, NULL),
(108, 'Open My Eyes', 'Open my eyes, Lord. Help me to see your face', 1, 2, 'songs/open my eyes/open my eyes', 0, NULL, 0, NULL, 0, NULL, 0, NULL),
(109, 'Be Thou My Vision', 'Be thou my vision o Lord of my heart', 1, 1, 'songs/be thou my vision/be thou my vision', 0, NULL, 0, NULL, 0, NULL, 0, NULL),
(110, 'Psalm 51: Create In Me - Hurd', 'Create in me a clean heart', 1, 1, 'songs/ps 51 create in me/ps 51 create in me', 0, NULL, 0, NULL, 0, NULL, 0, NULL),
(111, 'Psalm 118: Easter Sunday Psalm', 'This is the day the Lord has made; let us rejoice', 1, 1, 'songs/ps 118 easter sunday psalm/ps 118 easter sunday psalm', 2, 'songs/ps 118 easter sunday psalm/ps 118 easter sunday psalm', 0, NULL, 0, NULL, 0, NULL),
(112, 'Alleluia, Alleluia, Alleluia', 'Alleluia, alleluia, alleluia.', 1, 1, 'songs/alleluia prochaska/alleluia prochaska', 3, 'songs/alleluia prochaska/alleluia prochaska', 0, NULL, 0, NULL, 0, NULL),
(113, 'Roll Away the Stone', 'They have been saying, all our plans are empty', 1, 0, NULL, 1, 'songs/roll away the stone/roll away the stone', 0, NULL, 0, NULL, 0, NULL),
(114, 'Increase Our Faith', 'Lord, increase our faith. With all our hearts, may', 2, 1, 'songs/increase our faith/increase our faith', 0, NULL, 1, 'songs/increase our faith/increase our faith', 0, NULL, 1, 'songs/increase our faith/increase our faith'),
(115, 'He Is Risen', 'On the third day, He rose. He rose. He rose', NULL, 1, 'songs/he is risen/he is risen', 0, NULL, 0, NULL, 0, NULL, 1, 'songs/he is risen/he is risen'),
(116, 'Psalm 118: Give Thanks to the Lord', 'Give thanks to the Lord for God is good, whose mer', NULL, 0, NULL, 1, 'songs/ps 118 give thanks to the lord/ps 118 give thanks to the lord', 0, NULL, 0, NULL, 0, NULL),
(117, 'Alleluia! Hát Lên Người Ơi', 'Chúa yêu trần thế, alle-alleluia', NULL, 2, 'songs/alleluia hat len nguoi oi/alleluia hat len nguoi oi', 0, '', 0, NULL, 0, NULL, 0, NULL),
(118, 'We Come To Your Feast', 'We place upon your table a gleaming cloth of white', NULL, 0, NULL, 2, 'songs/we come to your feast/we come to your feast', 0, NULL, 0, NULL, 0, NULL),
(119, 'Now We Remain', 'We hold the death of the Lord deep in our hearts', 1, 2, 'songs/now we remain/now we remain', 2, 'songs/now we remain/now we remain', 0, NULL, 0, NULL, 0, NULL),
(120, 'How Beautiful', 'How beautiful the hands that served the wine and t', NULL, 0, NULL, 3, 'songs/how beautiful/how beautiful', 0, NULL, 0, NULL, 0, NULL),
(121, 'Chist, the Lord, Is Risen Today', 'Christ the Lord is ris''n today; Christians, haste', 1, 1, 'songs/christ the lord is risen today/christ the lord is risen today', 1, 'songs/christ the lord is risen today/christ the lord is risen today', 0, NULL, 0, NULL, 0, NULL),
(122, 'Sprinkling Rite', 'Wash me and I shall be clean; Purify me', NULL, 1, 'songs/sprinkling rite/sprinkling rite', 0, NULL, 0, NULL, 0, NULL, 0, NULL),
(123, 'Chúa Sống Lại Rồi', 'Chúa hóa nên người vì thương chúng ta', NULL, 1, 'songs/chua song lai roi/chua song lai roi', 1, 'songs/chua song lai roi/chua song lai roi', 0, NULL, 0, NULL, 0, NULL),
(124, 'Psalm 66: Let All the Earth', 'Let all the earth cry out cry out to God', 1, 0, NULL, 2, 'songs/ps 66 let all the earth/ps 66 let all the earth', 4, 'songs/ps 66 let all the earth/ps 66 let all the earth', 0, NULL, 1, 'songs/ps 66 let all the earth/ps 66 let all the earth'),
(125, 'For the Beauty of the Earth', 'For the beauty of the earth, for the beauty of the', NULL, 1, 'songs/for the beauty of the earth/for the beauty of the earth', 0, NULL, 1, 'songs/for the beauty of the earth/for the beauty of the earth', 1, 'songs/for the beauty of the earth/for the beauty of the earth', 2, 'songs/for the beauty of the earth/for the beauty of the earth'),
(126, 'Because the Lord is My Shepherd', 'Because the Lord is my shepherd, I have everything', 1, 2, 'songs/because the lord is my shepherd/because the lord is my shepherd', 2, 'songs/because the lord is my shepherd/because the lord is my shepherd', 0, NULL, 0, NULL, 0, NULL),
(127, 'Center of My Life', 'O Lord you are the center of my life', 1, 2, 'songs/center of my life/center of my life', 2, 'songs/center of my life/center of my life', 0, NULL, 1, 'songs/center of my life/center of my life', 0, NULL),
(128, 'Somos el Cuerpo de Cristo', 'Somos el Cuerpro de Cristo, we are the body of Chr', 1, 2, 'songs/somos el cuerpo de cristo/somos el cuerpo de cristo', 2, 'songs/somos el cuerpo de cristo/somos el cuerpo de cristo', 0, NULL, 0, NULL, 0, NULL),
(129, 'Psalm 118 Let Us Rejoice', 'This is the day the Lord has made, let us rejoice', 2, 3, 'songs/ps 118 let us rejoice/ps 118 let us rejoice', 0, NULL, 6, 'songs/ps 118 let us rejoice/ps 118 let us rejoice', 0, NULL, 0, NULL),
(130, 'Psalm 98: All the Ends of the Earth - Fisher', 'All the ends of the earth sing a joyful song', 1, 4, 'songs/ps 98 all the ends of the earth.fisher/ps 98 all the ends.fisher', 0, NULL, 3, 'songs/ps 98 all the ends of the earth.fisher/ps 98 all the ends.fisher', 0, NULL, 1, 'songs/ps 98 all the ends of the earth.fisher/ps 98 all the ends.fisher'),
(131, 'At the Name of Jesus', 'At the name of Jesus every knee shall bow', 1, 2, 'songs/at the name of jesus/at the name of jesus', 0, NULL, 0, NULL, 1, 'songs/at the name of jesus/at the name of jesus', 0, NULL),
(132, 'Niềm Tâm Sự', 'Thầy yêu chúng con lời ai nói cho cùng', NULL, 1, 'songs/niem tam su/niem tam su', 0, NULL, 0, NULL, 0, NULL, 0, NULL),
(133, 'Like a Child Rests', 'Like a child rests in its mother''s arms', 1, 1, 'songs/like a child rests/like a child rests', 1, 'songs/like a child rests/like a child rests', 0, NULL, 1, 'songs/like a child rests/like a child rests', 0, NULL),
(134, 'Jesus Chirst Is Risen Today', 'Jesus Christ is risen today, alleluia', 1, 1, 'songs/jesus christ is risen today/jesus christ is risen today', 0, NULL, 0, NULL, 0, NULL, 0, NULL),
(135, 'Joyful, Joyful, We Adore Thee', 'Joyful, joyful we adore Thee; God of glory God of', 1, 1, 'songs/joyful joyful we adore thee/joyful joyful we adore thee', 1, 'songs/joyful joyful we adore thee/joyful joyful we adore thee', 0, NULL, 0, NULL, 0, NULL),
(136, 'Đâu Có Tình Yêu Thương', 'Đâu có tình yêu thương, thì đấy có Đức Chúa Trời', NULL, 1, 'songs/dau co tinh yeu thuong/dau co tinh yeu thuong', 0, NULL, 0, NULL, 0, NULL, 0, NULL),
(137, 'We Have Been Told', 'We have been told, we''ve seen His face and heard H', 1, 1, 'songs/we have been told/we have been told', 1, 'songs/we have been told/we have been told', 0, NULL, 0, NULL, 0, NULL),
(138, 'Lift Up Your Hearts', 'Lift up your hearts to the Lord; praise God''s grac', 1, 2, 'songs/lift up your hearts/lift up your hearts', 2, 'songs/lift up your hearts/lift up your hearts', 0, NULL, 0, NULL, 0, NULL),
(139, 'Crown Him With Many Crowns', 'Crown Him with many crowns, the Lamb upon His thro', 1, 1, 'songs/crown him with many crowns/crown him with many crowns', 1, 'songs/crown him with many crowns/crown him with many crowns', 0, NULL, 0, NULL, 0, NULL),
(140, 'Psalm 47: For Ascension', 'God mounts his throne amid shouts of joy', 2, 1, 'songs/ps 47 for ascension/ps 47 for ascension', 0, NULL, 3, 'songs/ps 47 for ascension/ps 47 for ascension', 0, NULL, 0, NULL),
(141, 'Lời Thiêng', 'Lời thiêng dâng Chúa từ trong đáy tim âm thầm', NULL, 1, 'songs/loi thieng/loi thieng', 0, NULL, 0, NULL, 0, NULL, 0, NULL),
(142, 'We Remember', 'We remember how you loved us to your death', 1, 2, 'songs/we remember/we remember', 2, 'songs/we remember/we remember', 0, NULL, 0, NULL, 0, NULL),
(143, 'He Is Exalted', 'He is exalted, the King is exalted on high', 1, 0, NULL, 1, 'songs/he is exalted/he is exalted', 0, NULL, 0, NULL, 0, NULL),
(144, 'Thánh Thần Hãy Đến', 'Thánh Thần khấn xin ngự đến, hồn con đang mong chờ', NULL, 1, 'songs/thanh than hay den/thanh than hay den', 0, NULL, 0, NULL, 0, NULL, 0, NULL),
(145, 'Psalm 104: Send Down Your Holy Spirit', 'Send down your Holy Spirit Lord, renew the face of', NULL, 4, 'songs/ps 104 send out your holy spirit/ps 104 send out', 0, NULL, 0, NULL, 0, NULL, 0, NULL),
(146, 'By the Waking of Our Hearts', 'By the waking of our hearts, by the stiring of our', 1, 0, NULL, 2, 'songs/by the waking of our hearts/by the waking of our hearts', 0, NULL, 1, 'songs/by the waking of our hearts/by the waking of our hearts', 0, NULL),
(147, 'Envía Tu Espíritu', 'Envía tu Espíritu, envía tu Espíritu, envía tu Esp', 1, 0, NULL, 2, 'songs/envia tu espiritu/envia tu espiritu', 0, NULL, 0, NULL, 0, NULL),
(148, 'One Bread One Body', 'One bread one body, one Lord of all', 1, 1, 'songs/one bread one body/one bread one body', 2, 'songs/one bread one body/one bread one body', 0, NULL, 0, NULL, 0, NULL),
(149, 'Veni Sancte Spiritus', 'Veni Sancte Spiritus', 1, 1, 'songs/veni sancte spiritus/veni sancte spiritus', 0, NULL, 0, NULL, 3, 'songs/veni sancte spiritus/veni sancte spiritus', 0, NULL),
(150, 'Send Down the Fire', 'Send down the fire of your justice, send down the', 2, 2, 'songs/send down the fire/send down the fire', 0, NULL, 5, 'songs/send down the fire/send down the fire', 0, NULL, 0, NULL),
(151, 'Resucitó', 'Alleluia, alleluia, alleluia, alleluia', 1, 1, 'songs/resucito/resucito', 1, 'songs/resucito/resucito', 0, NULL, 0, NULL, 0, NULL),
(152, 'Ca Khúc Trầm Hương', 'Lời con như trầm hương bay lên tới thiên đường', NULL, 1, 'songs/ca khuc tram huong/ca khuc tram huong', 0, NULL, 0, NULL, 0, NULL, 0, NULL),
(153, 'Eye Has Not Seen', 'Eye has not seen, ear has not heard what God has r', 1, 2, 'songs/eye has not seen/eye has not seen', 2, 'songs/eye has not seen/eye has not seen', 0, NULL, 0, NULL, 0, NULL),
(154, 'Eat This Bread', 'Eat this bread, drink this cup, trust in', 2, 1, 'songs/eat this bread/eat this bread', 0, NULL, 0, NULL, 0, NULL, 0, NULL),
(155, 'Siyahamba', 'We are marching in the light of God', 1, 2, 'songs/siyahamba/siyahamba', 0, '', 1, 'songs/siyahamba/siyahamba', 0, NULL, 1, 'songs/siyahamba/siyahamba'),
(156, 'Song of the Body of Christ', 'We come to share our story, we come to break the b', 1, 1, 'songs/song of the body of christ/song of the body of christ', 0, NULL, 0, NULL, 0, NULL, 0, NULL),
(157, 'Psalm 116: I Will Lift Up the Cup of Salvation', 'I will lift up the cup of salvation and call on th', NULL, 1, 'songs/ps 116 i will lift up the cup of salvation/ps 116 i will lift up', 0, NULL, 0, NULL, 0, NULL, 1, 'songs/ps 116 i will lift up the cup of salvation/ps 116 i will lift up'),
(158, 'Kinh Dâng Lễ', 'Này đây tấm bánh trắng ngần bởi ruộng đất', NULL, 1, 'songs/kinh dang le/kinh dang le', 0, NULL, 0, NULL, 0, NULL, 0, NULL),
(159, 'The Sacred', 'This simple bread, a sacred meal, this common wine', NULL, 0, NULL, 0, NULL, 0, NULL, 0, NULL, 0, NULL),
(160, 'Psalm 30: I Will Praise You', 'I will praise you Lord, you have rescued me', 2, 3, 'songs/ps 30 i will praise you/ps 30 i will praise you', 0, NULL, 5, 'songs/ps 30 i will praise you/ps 30 i will praise you', 0, NULL, 0, NULL),
(161, 'Freedom Is Coming', 'O freedom, o freedom, o freedom', NULL, 1, 'songs/freedom is coming/freedom is coming', 0, NULL, 0, NULL, 0, NULL, 0, NULL),
(162, 'De Noche', 'De nocheire mos, de noche, que parencontrar la fue', NULL, 1, 'songs/de noche/de noche', 0, NULL, 0, NULL, 0, NULL, 0, NULL),
(163, 'Psalm 85: Let Us See Your Kindness - Haugen', 'Let us see your kindness O Lord', 2, 2, 'songs/ps 85 let us see your kindness 2/ps 85 let us see your kindness 2', 0, NULL, 4, 'songs/ps 85 let us see your kindness 2/ps 85 let us see your kindness 2', 0, NULL, 0, NULL),
(164, 'Niềm Vui Tận Hiến', 'Rất xa khơi sao trời khi chưa sáng ngời', NULL, 2, 'songs/niem vui tan hien/niem vui tan hien', 0, NULL, 0, NULL, 0, NULL, 0, NULL),
(165, 'God Has Chosen Me', 'God has chosen me to bring goodness to the poor', 1, 2, 'songs/god has chosen me/god has chosen me', 1, 'songs/god has chosen me/god has chosen me', 0, NULL, 0, NULL, 0, NULL),
(166, 'Psalm 23: Shepherd Me O God', 'Shepherd me O God beyond my wants beyond my fears', 1, 0, NULL, 1, 'songs/ps 23 shepherd me o god/ps 23 shepherd me o god', 0, NULL, 0, NULL, 1, 'songs/ps 23 shepherd me o god/ps 23 shepherd me o god'),
(167, 'In Every Age', 'Long before the mountains came to be', 1, 0, NULL, 2, 'songs/in every age/in every age', 0, NULL, 0, NULL, 0, NULL),
(168, 'Gather Us In', 'Here in this place new light is streaming', NULL, 0, NULL, 2, 'songs/gather us in/gather us in', 0, NULL, 0, NULL, 0, NULL),
(170, 'Hãy Đến Hỡi Bạn Tình Ta', 'Người yêu hỡi em ơi em có nghe', NULL, 1, 'songs/hay den hoi ban tinh ta/hay den hoi ban tinh ta', 0, NULL, 0, NULL, 0, NULL, 0, NULL),
(171, 'Psalm 128: O Blessed Are Those', 'O blessed are those who fear the Lord', 1, 1, 'songs/ps 128 o blessed are those/ps 128 o blessed are those', 1, 'songs/ps 128 o blessed are those/ps 128 o blessed are those', 0, NULL, 0, NULL, 0, NULL),
(172, 'Ubi Caritas', 'Ubi caritas est vera est vera, deus ibi est', 1, 2, 'songs/ubi caritas/ubi caritas', 0, NULL, 0, NULL, 0, NULL, 0, NULL),
(173, 'Love Never Fails', 'If I speak with the tongues of the earth', 2, 0, NULL, 0, NULL, 1, 'songs/love never fails/love never fails', 0, NULL, 1, 'songs/love never fails/love never fails'),
(174, 'Đường Vào Tình Yêu', 'Đường vào tình yêu có nắng xôn xao', NULL, 0, NULL, 1, 'songs/duong vao tinh yeu/duong vao tinh yeu', 0, NULL, 0, NULL, 0, NULL),
(175, 'Nada Te Turbe', 'Nada te turbe, nada te espante', NULL, 1, 'songs/nada te turbe/nada te turbe', 0, NULL, 0, NULL, 0, NULL, 0, NULL),
(176, 'As Grains of Wheat', 'As grains of wheat are gathered in we''ve come toge', 1, 4, 'songs/as grains of wheat/as grains of wheat', 0, NULL, 0, NULL, 0, NULL, 0, NULL),
(177, 'Psalm 34: Taste and See', 'Taste and see o taste and see, taste and see the g', 1, 2, 'songs/ps 34 taste and see/ps 34 taste and see', 0, NULL, 1, 'songs/ps 34 taste and see/ps 34 taste and see', 0, NULL, 0, NULL),
(178, 'Chỉ Một Chúa', 'Được Chúa kêu mời nắm giữ tinh thần duy nhất', NULL, 1, 'songs/chi mot chua/chi mot chua', 0, NULL, 0, NULL, 0, NULL, 0, NULL),
(179, 'Psalm 97: The Lord Is King', 'The Lord is King! The Lord is King, the Most High', 1, 0, NULL, 1, 'songs/ps 97 the lord is king/ps 97 the lord is king', 0, NULL, 0, NULL, 0, NULL),
(180, 'Thân Lúa Miến', 'Chúa ơi thân con là thân lúa miến gieo vào lòng đờ', NULL, 1, 'songs/than lua mien/than lua mien', 0, NULL, 0, NULL, 0, NULL, 0, NULL),
(181, 'This Alone', 'One thing I ask, this alone I seek, to dwell in th', 1, 1, 'songs/this alone/this alone', 1, 'songs/this alone/this alone', 0, NULL, 0, NULL, 0, NULL),
(182, 'Ta Là Bánh Hằng Sống', 'Ta là bánh hằng sống, là bánh ban xuống bởi trời', NULL, 1, 'songs/ta la banh hang song/ta la banh hang song', 0, NULL, 0, NULL, 0, NULL, 0, NULL),
(183, 'May the Road Rise To Meet You', 'May the road rise to meet you, may the wind behind', NULL, 1, 'songs/may the road rise/may the road rise', 0, NULL, 0, NULL, 0, NULL, 0, NULL),
(184, 'Here I Am, Lord', 'I the Lord of sea and sky', 1, 2, 'songs/here i am lord/here i am lord', 1, 'songs/here i am lord/here i am lord', 1, 'songs/here i am lord/here i am lord', 0, NULL, 0, NULL),
(186, 'Chung Kết Trầu Cau', 'Ngày xưa khi Chúa dựng nên đất trời, Ngài cũng dựn', NULL, 2, 'songs/chung ket trau cau/chung ket trau cau', 0, NULL, 0, NULL, 0, NULL, 0, NULL),
(187, 'Nguyện Cầu Cho Nhau', 'Con qùi đây dâng Chúa tiếng ca cảm tạ. Chúa cho co', NULL, 1, 'songs/nguyen cau cho nhau/nguyen cau cho nhau', 0, NULL, 0, NULL, 0, NULL, 0, NULL),
(188, 'Diễm Tình Ca 3', 'Chiều hôm nay tiếng hát bay cao', NULL, 1, 'songs/diem tinh ca 3/diem tinh ca 3', 0, NULL, 0, NULL, 0, NULL, 0, NULL),
(189, 'Thắp Ngọn Nến Hồng', 'Xin thắp sáng lên một ngọn nến hồng', NULL, 1, 'songs/thap ngon nen hong/thap ngon nen hong', 0, NULL, 0, NULL, 0, NULL, 0, NULL),
(191, 'I Am the Bread of Life', 'I am the Bread of life, you who come to me shall n', 1, 2, 'songs/i am the bread of life/i am the bread of life', 2, 'songs/i am the bread of life/i am the bread of life', 0, NULL, 0, NULL, 0, NULL),
(192, 'Psalm 45: The Queen Stands', 'The Queen stands at your right hand, arrayed in go', 1, 0, NULL, 1, 'songs/ps 45 the queen stands/ps 45 the queen stands', 0, NULL, 0, NULL, 0, NULL),
(193, 'In The Land There Is A Hunger', 'In the land there is a hunger, in the land there i', 1, 0, NULL, 2, 'songs/in the land there is a hunger/in the land there is a hunger', 0, NULL, 0, NULL, 0, NULL),
(194, 'The Flame and the Fire', 'The spark and the amber the flame and the fire', NULL, 2, 'songs/flame and fire/flame and fire', 0, NULL, 4, 'songs/flame and fire/flame and fire', 1, 'songs/flame and fire/flame and fire', 0, NULL),
(195, 'Psalm 27: I Believe That I Shall See', 'I believe that I shall see the good things of the', NULL, 1, 'songs/ps 27 i believe that i shall see/ps 27 i believe that i shall see', 0, NULL, 0, NULL, 0, NULL, 1, 'songs/ps 27 i believe that i shall see/ps 27 i believe that i shall see'),
(196, 'Ephata', 'Lạy Chúa xin mở mắt con, biết nhìn kỳ công của Ngà', NULL, 1, 'songs/ephata/ephata', 1, 'songs/ephata/ephata', 0, NULL, 0, NULL, 0, NULL),
(197, 'With Rejoicing Hearts', 'With rejoicing hearts we proclaim your glory we ha', NULL, 3, 'songs/with rejoicing hearts/with rejoicing hearts', 2, 'songs/with rejoicing hearts/with rejoicing hearts', 5, 'songs/with rejoicing hearts/with rejoicing hearts', 3, 'songs/with rejoicing hearts/with rejoicing hearts', 0, NULL),
(198, 'In Manus Tuas, Pater', 'In manus tuas, Pater, commendo spiritum meum', NULL, 0, NULL, 1, 'songs/in manus tuas pater/in manus tuas pater', 0, NULL, 0, NULL, 0, NULL),
(199, 'Psalm 54: The Lord Upholds My Life', 'The Lord upholds my life', 1, 0, NULL, 1, 'songs/ps 54 the lord upholds my life/ps 54 the lord upholds my life', 0, NULL, 0, NULL, 1, 'songs/ps 54 the lord upholds my life/ps 54 the lord upholds my life'),
(200, 'Prayers of St. Francis', 'Make me a channel of your peace, where there is', NULL, 1, 'songs/prayer of st francis/prayer of st francis', 1, 'songs/prayer of st francis/prayer of st francis', 0, NULL, 0, NULL, 0, NULL),
(201, 'Vinh Phúc', 'Vinh phúc thay người kính sợ Chúa và hằng đi', NULL, 1, 'songs/vinh phuc/vinh phuc', 0, NULL, 0, NULL, 0, NULL, 0, NULL),
(202, 'To Believe In Love', 'To believe in love is to belive in God', NULL, 2, 'songs/to belive in love/to belive in love', 0, NULL, 5, 'songs/to belive in love/to belive in love', 0, NULL, 0, NULL),
(203, 'Mẹ Ơi Con Yêu Mẹ', 'Mẹ ơi con yêu mẹ, yêu từ thời thơ bé', NULL, 1, 'songs/me oi con yeu me/me oi con yeu me', 0, NULL, 0, NULL, 0, NULL, 0, NULL),
(204, 'Sing to the Mountains', 'Sing to the mountains, sing to the sea', 1, 2, 'songs/sing to the mountains/sing to the mountains', 2, 'songs/sing to the mountains/sing to the mountains', 0, NULL, 0, NULL, 0, NULL),
(205, 'Psalm 33: Lord, Let Your Mercy', 'Lord, let your mercy be on us', NULL, 0, NULL, 1, 'songs/ps 33 lord let your mercy/ps 33 lord let your mercy', 0, NULL, 0, NULL, 0, NULL),
(206, 'Ngàn Đời Thương Mến', 'Từ ngàn đời Chúa đã thương con, thương con không b', NULL, 1, 'songs/ngan doi thuong men/ngan doi thuong men', 0, NULL, 0, NULL, 0, NULL, 0, NULL),
(207, 'Con Đường Chúa Đã Đi Qua', 'Lạy Chúa con đường nào Chúa đã đi qua, con đường n', NULL, 1, 'songs/con duong chua da di qua/con duong chua da di qua', 0, NULL, 0, NULL, 0, NULL, 0, NULL),
(208, 'Psalm 126: The Lord Has Done Great Things For Us', 'The Lord has done great things for us, we are fill', NULL, 1, 'songs/ps 126 the lord has done/ps 126 the lord has done great things for us', 0, NULL, 0, NULL, 0, NULL, 1, 'songs/ps 126 the lord has done/ps 126 the lord has done great things for us'),
(209, 'Parable', 'To everything there is a season, a time to be born', NULL, 1, 'songs/parable/parable', 0, NULL, 0, NULL, 0, NULL, 0, NULL),
(210, 'Psalm 18: I Love You, Lord, My Strength', 'I love you Lord my strength, I love you Lord my st', 1, 0, NULL, 1, 'songs/ps 18 i love you lord my strength/ps 18 i love you lord my strength', 0, NULL, 0, NULL, 0, NULL),
(211, 'Psalm 146: I Will Praise You the Lord', 'Alleluia, alleluia, I will praise the Lord all my', 1, 0, NULL, 1, 'songs/ps 146 i will praise you the lord/ps 146 i will praise you the lord', 0, NULL, 0, NULL, 0, NULL),
(212, 'Psalm 16: Keep Me Safe', 'Keep me safe o God, keep me safe you are my hope m', 1, 0, NULL, 0, NULL, 0, NULL, 0, NULL, 0, NULL),
(213, 'Here At This Table', 'Come and be filled, here at this table, food for a', 1, 1, 'songs/here at this table/here at this table', 1, 'songs/here at this table/here at this table', 0, NULL, 0, NULL, 1, 'songs/here at this table/here at this table'),
(214, 'Cám Ơn Người', 'Cám ơn Người vì ngày hôm nay đây chúng con quây qu', NULL, 0, NULL, 1, 'songs/cam on nguoi/cam on nguoi', 0, NULL, 0, NULL, 0, NULL),
(215, 'The Kingdom of God', 'The kingdom of God is justice and peace and joy', NULL, 0, NULL, 0, NULL, 0, NULL, 0, NULL, 0, NULL),
(216, 'What Sweeter Music', 'What sweeter music can we bring than a carol for t', NULL, 1, 'songs/what sweeter music/what sweeter music', 0, NULL, 1, 'songs/what sweeter music/what sweeter music', 0, NULL, 1, 'songs/what sweeter music/what sweeter music'),
(217, 'O Come, Emmanuel', 'O come, Emmanuel and into our hearts be born', 1, 1, 'songs/o come emmanuel/o come emmanuel', 0, NULL, 1, 'songs/o come emmanuel/o come emmanuel', 1, 'songs/o come emmanuel/o come emmanuel', 1, 'songs/o come emmanuel/o come emmanuel'),
(218, 'Psalm 25: To You, O Lord', 'To You, o Lord I lift my soul, I lift my soul to y', 1, 1, 'songs/ps 25 to you o lord/ps 25 to you o lord', 1, 'songs/ps 25 to you o lord/ps 25 to you o lord', 1, 'songs/ps 25 to you o lord/ps 25 to you o lord', 0, NULL, 1, 'songs/ps 25 to you o lord/ps 25 to you o lord'),
(219, 'Hear Our Prayer, O Lord', 'Óyenos, Señor; Ding-gin mo kami; Xin nhậm lời chún', 0, 1, 'songs/hear our prayer o lord/hear our prayer o lord', 0, NULL, 0, NULL, 0, NULL, 0, NULL),
(222, 'Night of Silence/Silent Night', 'Cold are the people, winter of life', NULL, 1, 'songs/night of silence.silent night/night of silence.silent night', 0, NULL, 1, 'songs/night of silence.silent night/night of silence.silent night', 0, NULL, 0, NULL),
(223, 'Child of the Poor', 'Helpless and hungry, lowly, afraid', NULL, 1, 'songs/child of the poor/child of the poor', 0, NULL, 0, NULL, 0, NULL, 0, NULL),
(221, 'Lễ Vật Dâng Chúa Hài Nhi', 'Đêm nay con chẳng có gì dâng Chúa Hài Nhi', NULL, 1, 'songs/le vat dang chua hai nhi/le vat dang chua hai nhi', 0, NULL, 0, NULL, 0, NULL, 0, NULL),
(220, 'Psalm 96: Today Our Savior Is Born', 'Today our Savior is born! Today our Savior is born', NULL, 1, 'songs/ps 96 today our savior is born/ps 96 today our savior is born', 0, NULL, 0, NULL, 0, NULL, 0, NULL),
(224, 'Psalm 84: How Lovely Is Your Dwelling Place', 'How lovely is your dwelling place, O Lord, God of', 1, 0, NULL, 1, 'songs/ps 84 how lovely/ps 84 how lovely', 0, NULL, 0, NULL, 0, NULL),
(225, 'Cao Cung Lên', 'Cao cung lên khúc nhạc thiên thần Chúa', NULL, 1, 'songs/cao cung len/cao cung len', 0, NULL, 0, NULL, 0, NULL, 0, NULL),
(226, 'Joy To the World', 'Joy to the world, the Lord is come! Let earth rece', NULL, 1, 'songs/joy to the world/joy to the world', 1, 'songs/joy to the world/joy to the world', 0, NULL, 0, NULL, 0, NULL),
(227, 'Precious Lord', 'Precious Lord, take me hand, lead me on', NULL, 1, 'songs/precious lord/precious lord', 1, 'songs/precious lord/precious lord', 0, NULL, 0, NULL, 0, NULL),
(228, 'Yêu Thương Cho Người', 'Con muốn đi tìm Ngài trong cuộc sống. Lối Ngài xưa', NULL, 1, 'songs/yeu thuong cho nguoi/yeu thuong cho nguoi', 0, NULL, 0, NULL, 0, NULL, 0, NULL),
(229, 'We Are Prophets', 'We are prophets of a future not our own', NULL, 1, 'songs/we are prophets/we are prophets', 0, NULL, 0, NULL, 0, NULL, 0, NULL),
(230, 'Psalm 71: I Will Sing of Your Salvation', 'I will sing, I will sing of your salvation', 2, 1, 'songs/ps 71 i will sing/ps 71 i will sing', 0, NULL, 1, 'songs/ps 71 i will sing/ps 71 i will sing', 0, NULL, 0, NULL),
(231, 'O God, You Search Me', 'O God, You search me and you know me', 1, 1, 'songs/o god you search me/o god you search me', 1, 'songs/o god you search me/o god you search me', 1, 'songs/o god you search me/o god you search me', 0, NULL, 1, 'songs/o god you search me/o god you search me'),
(232, 'Về Đây Nghe Em', 'Về đây nghe em, về đây mặc áo the đi guốc mộc', NULL, 1, 'songs/ve day nghe em/ve day nghe em', 0, NULL, 0, NULL, 0, NULL, 0, NULL),
(233, 'The Prayer', 'I pray you''ll be our eyes, and watch us where we g', NULL, 1, 'songs/the prayer/the prayer', 0, NULL, 1, 'songs/the prayer/the prayer', 0, NULL, 1, 'songs/the prayer/the prayer'),
(234, 'Psalm 138: In the Sight of the Angels', 'In the sight of the angels I will sing your praise', NULL, 1, 'songs/ps 138 in the sight of the angels/ps 138 in the sight of the angels', 0, NULL, 0, NULL, 0, NULL, 1, 'songs/ps 138 in the sight of the angels/ps 138 in the sight of the angels'),
(235, 'Tâm Tình Hiến Dâng', 'Biết lấy gì cảm mến, biết lấy chi báo đền', NULL, 1, 'songs/tam tinh hien dang/tam tinh hien dang', 0, NULL, 0, NULL, 0, NULL, 0, NULL),
(236, 'Psalm 1', NULL, NULL, 0, NULL, 0, NULL, 0, NULL, 0, NULL, 0, NULL),
(237, 'Ca Khúc Hồng Ân 1', 'Hân hoan lời tụng ca dâng Chúa khúc nhạc huyền mơ', NULL, 1, 'songs/ca khuc hong an 1/ca khuc hong an 1', 0, NULL, 0, NULL, 0, NULL, 0, NULL),
(238, 'Blest Are They', 'Blest are they the pure in spirit, theirs is the k', 1, 1, 'songs/blest are they/blest are they', 1, 'songs/blest are they/blest are they', 1, 'songs/blest are they/blest are they', 0, NULL, 0, NULL),
(239, 'Led By the Spirit', 'Led by the Spirit of our God, we go to fast and pr', 1, 0, NULL, 1, 'songs/led by the spirit/led by the spirit', 0, NULL, 0, NULL, 0, NULL),
(240, 'Mass of Light: Kyrie', 'You raised the dead to life in the Spirit', NULL, 0, NULL, 0, NULL, 1, 'songs/mass of light/kyrie', 0, NULL, 0, NULL),
(241, 'Mass of Light: Gospel Acclamation', 'Alleluia! Alleluia! Alleluia! Glory to You, Lord J', NULL, 2, 'songs/mass of light/gospel acclamation', 0, NULL, 1, 'songs/mass of light/gospel acclamation', 0, NULL, 0, NULL),
(243, 'Lift High the Cross', 'Lift high the cross, the love of Christ proclaim', NULL, 0, NULL, 1, 'songs/lift high the cross/lift high the cross', 0, NULL, 0, NULL, 0, NULL),
(244, 'There''s a Wideness in God''s Mercy', 'There''s a wideness in God''s mercy like the widenes', NULL, 0, NULL, 1, 'songs/there''s a wideness in god''s mercy.ocp/there''s a wideness', 0, NULL, 0, NULL, 0, NULL),
(245, 'Bài Ca Dâng Hiến', 'Con dâng Ngài lòng cảm mến vô biên, con dâng lên N', NULL, 1, 'songs/bai ca dang hien/bai ca dang hien', 0, NULL, 0, NULL, 0, NULL, 0, NULL),
(246, 'Psalm 22: Mi Dios, Mi Dios', 'Mi Dios, Mi Dios porque me has de jado', NULL, 0, '', 1, 'songs/ps 22 mi dios mi dios/ps 22 mi dios mi dios', 0, NULL, 0, NULL, 0, NULL),
(247, 'Nếu Có Thể', 'Lạy Cha nếu có thể được thì xin cho con khỏi uống', NULL, 1, 'songs/neu co the/neu co the', 0, NULL, 0, NULL, 0, NULL, 0, NULL),
(248, 'Were You There?', 'Were you there when they crucified my Lord?', NULL, 1, 'songs/were you there/were you there', 1, 'songs/were you there/were you there', 0, NULL, 0, NULL, 0, NULL),
(249, 'Ours Were the Griefs He Bore', 'Ours were the griefs He bore. Ours were the pain H', 1, 1, 'songs/ours were the griefs he bore/ours were the griefs he bore', 0, NULL, 0, NULL, 0, NULL, 0, NULL),
(250, 'Go Light Your World', 'There is a candle in ev''ry soul; some brightly bur', NULL, 0, NULL, 1, 'songs/go light your world/go light your world', 1, 'songs/go light your world/go light your world', 0, NULL, 0, NULL),
(251, 'Laudate Omnes Gentes', 'Laudate omnes gentes, laudate Dominum', NULL, 1, 'songs/laudate omnes gentes/laudate omnes gentes', 1, 'songs/laudate omnes gentes/laudate omnes gentes', 0, NULL, 0, NULL, 0, NULL),
(252, 'Alleluia! Alleluia!', 'Alleluia! Alleluia! Hearts to heav''n and voices ra', NULL, 1, 'songs/alleluia! alleluia!/alleluia! alleluia!', 1, 'songs/alleluia! alleluia!/alleluia! alleluia!', 0, NULL, 0, NULL, 0, NULL),
(253, 'Psalm 30: I Will Praise You, Lord', 'I will praise You, Lord. I will praise You, Lord.', NULL, 1, 'songs/ps 30 i will praise you lord/ps 30 i will praise you lord', 0, NULL, 1, 'songs/ps 30 i will praise you lord/ps 30 i will praise you lord', 0, NULL, 1, 'songs/ps 30 i will praise you lord/ps 30 i will praise you lord'),
(254, 'In Perfect Charity', 'O Most High and glorious God cast your light into', NULL, 1, 'songs/in perfect charity/in perfect charity', 1, 'songs/in perfect charity/in perfect charity', 0, NULL, 0, NULL, 0, NULL),
(255, 'Mass of Glory: Gloria', 'Gloria to God, glory to God, glory to God in the h', NULL, 0, NULL, 0, NULL, 1, 'songs/mass of glory/glory to god', 0, NULL, 1, 'songs/mass of glory/glory to god'),
(256, 'I Know That My Redeemer Lives', 'I know that my Redeemer lives, the One Who calls m', NULL, 1, 'songs/i know that my redeemer lives/i know that my redeemer lives', 1, 'songs/i know that my redeemer lives/i know that my redeemer lives', 0, NULL, 0, NULL, 0, NULL),
(257, 'Chúa Là Mục Tử', 'Chúa là mục tử, Người dẫn lối chỉ đường cho con đi', NULL, 1, 'songs/chua la muc tu/chua la muc tu', 0, NULL, 0, NULL, 0, NULL, 0, NULL),
(258, 'Come, Now Is the Time To Worship', 'Come, now is the time to worship. Come, now is the', NULL, 1, 'songs/come now is the time to worship/come now is the time to worship', 0, NULL, 0, NULL, 0, NULL, 1, 'songs/come now is the time to worship/come now is the time to worship');
INSERT INTO `SONGS` (`id`, `title`, `firstline`, `publisherid`, `vocalpages`, `vocalprefix`, `guitarpages`, `guitarprefix`, `pianopages`, `pianoprefix`, `solopages`, `soloprefix`, `mp3pages`, `mp3prefix`) VALUES
(259, 'Psalm 145: I Will Lift Up Your Name', 'I will lift up your name, praise to my King', NULL, 1, 'songs/ps 145 i will lift up your name/ps 145 i will lift up your name', 0, NULL, 1, 'songs/ps 145 i will lift up your name/ps 145 i will lift up your name', 0, NULL, 1, 'songs/ps 145 i will lift up your name/ps 145 i will lift up your name'),
(260, 'Dấu Ấn Tình Yêu', 'Chúa ghi vào hồn con dấu ấn của Ngài', NULL, 1, 'songs/dau an tinh yeu/dau an tinh yeu', 0, NULL, 0, NULL, 0, NULL, 0, NULL),
(261, 'Psalm 67: May God Bless Us With Mercy', 'May God bless us with mercy', NULL, 0, NULL, 0, NULL, 1, 'songs/ps 67 may god bless us with mercy/ps 67 may god bless us with mercy', 0, NULL, 1, 'songs/ps 67 may god bless us with mercy/ps 67 may god bless us with mercy'),
(262, 'Psalm 47: Shouts of Joy', 'God mounts His throne to shouts of joy', NULL, 0, NULL, 1, 'songs/ps 47 shouts of joy/ps 47 shouts of joy', 0, '', 0, NULL, 1, 'songs/ps 47 shouts of joy/ps 47 shouts of joy'),
(263, 'Psalm 104: Send Forth Your Spirit, O Lord', 'Send forth your Spirit O Lord, and renew the face', 1, 1, 'songs/ps 104 send forth your spirit o lord/ps 104 send forth your spirit o lord', 0, NULL, 0, NULL, 0, NULL, 0, NULL),
(264, 'Anthem', 'We are called, we are chosen. We are Christ for on', NULL, 1, 'songs/anthem/anthem', 1, 'songs/anthem/anthem', 0, NULL, 0, NULL, 0, NULL),
(265, 'Share the Light', 'Share the light of Jesus, share the light that sho', NULL, 1, 'songs/share the light/share the light', 0, NULL, 1, 'songs/share the light/share the light', 0, NULL, 1, 'songs/share the light/share the light'),
(266, 'Của Lễ Con Dâng', 'Của lễ con dâng là vâng lời cha mẹ của con', NULL, 1, 'songs/cua le con dang/cua le con dang', 0, NULL, 0, NULL, 0, NULL, 0, NULL),
(267, 'Bộ Lễ Ta Đi Vào Đời 3: Thánh', 'Thánh chí thánh, ngàn trùng chí thánh', NULL, 1, 'songs/bo le ta di vao doi 3/thanh', 0, NULL, 0, NULL, 0, NULL, 0, NULL),
(268, 'Bộ Lễ Ta Đi Vào Đời 3: Đây Là Mầu Nhiệm Đức Tin', 'Đây là mầu nhiệm đức tin, con tuyên xưng', NULL, 1, 'songs/bo le ta di vao doi 3/duc tin', 0, NULL, 0, NULL, 0, NULL, 0, NULL),
(269, 'Bộ Lễ Ta Đi Vào Đời 3: Chiên', 'Đây là Chiên Thiên Chúa Đấng gánh tội trần gian', NULL, 1, 'songs/bo le ta di vao doi 3/chien', 0, NULL, 0, NULL, 0, NULL, 0, NULL),
(270, 'Mình Máu Thánh', 'Ôi Cha yêu con, yêu con thật hết tình', NULL, 1, 'songs/minh mau thanh/minh mau thanh', 0, NULL, 0, NULL, 0, NULL, 0, NULL),
(271, 'Psalm 8: Your Wonderful Name', 'O God forever I''ll sing, and call on your name, yo', 2, 1, 'songs/ps 8 your wonderful name/ps 8 your wonderful name', 0, NULL, 1, 'songs/ps 8 your wonderful name/ps 8 your wonderful name', 1, 'songs/ps 8 your wonderful name/ps 8 your wonderful name', 0, NULL),
(272, 'Tôn Vinh', 'Tôn vinh, xin tôn vinh Thiên Chúa Ba Ngôi. Hôm qua', NULL, 1, 'songs/ton vinh/ton vinh', 0, NULL, 0, NULL, 0, NULL, 0, NULL),
(273, 'Psalm 110: The Most Holy Body and Blood of Christ', 'You are priest forever in the line of Melchizedek.', NULL, 1, 'songs/ps 110 most holy body and blood of christ/ps 110 most holy body and blood of christ', 0, NULL, 0, NULL, 0, NULL, 0, NULL),
(274, 'Table of Plenty', 'Come to the feast of heaven and earth, come to the', NULL, 1, 'songs/table of plenty/table of plenty', 1, 'songs/table of plenty/table of plenty', 0, NULL, 0, NULL, 0, NULL),
(275, 'Thầy Yêu Chúng Con', 'Thầy yêu chúng con lời ai nói cho cùng. Thầy yêu c', NULL, 0, NULL, 1, 'songs/thay yeu chung con/thay yeu chung con', 0, NULL, 0, NULL, 0, NULL),
(276, 'A Voice Cries out', 'Console my people, the ones dear to me; speak to t', 1, 1, 'songs/a voice cries out/a voice cries out', 1, 'songs/a voice cries out/a voice cries out', 0, NULL, 0, NULL, 0, NULL),
(277, 'Hài Nhi Tên Gioan', 'Một hài nhi tên Gioan khi chưa vào đời, một người', NULL, 1, 'songs/hai nhi ten gioan/hai nhi ten gioan', 0, NULL, 0, NULL, 0, NULL, 0, NULL),
(278, 'Psalm 16: You Will Show Me the Path of Life', 'You will show me the path of life, you, my hope, m', 2, 1, 'songs/ps 16 you will show me/ps 16 you will show me', 0, NULL, 1, 'songs/ps 16 you will show me/ps 16 you will show me', 0, NULL, 0, NULL),
(279, 'This Is My Song', 'This is my song, O God of all the nations', 1, 1, 'songs/this is my song/this is my song', 1, 'songs/this is my song/this is my song', 0, NULL, 0, NULL, 1, 'songs/this is my song/this is my song'),
(280, 'Let There Be Peace On Earth', 'Let there be peace of earth, and let it begin with', 1, 0, NULL, 1, 'songs/let there be peace on earth/let there be peace on earth', 0, NULL, 0, NULL, 0, NULL),
(281, 'Psalm 15: They Who Do Justice', 'They who do justice will live in the presence of G', NULL, 1, 'songs/ps 15 they who do justice/ps 15 they who do justice', 0, NULL, 1, 'songs/ps 15 they who do justice/ps 15 they who do justice', 0, NULL, 1, 'songs/ps 15 they who do justice/ps 15 they who do justice'),
(282, 'Psalm 138: On the Day I Called', 'On the day I called for help, You answered me', NULL, 1, 'songs/ps 138 on the day i called/ps 138 on the day i called', 0, NULL, 1, 'songs/ps 138 on the day i called/ps 138 on the day i called', 0, NULL, 0, NULL),
(283, 'Jesus, My Everything', 'I''ve been looking for a reason, I''ve been looking', NULL, 0, NULL, 1, 'songs/jesus my everything/jesus my everything', 1, 'songs/jesus my everything/jesus my everything', 0, NULL, 0, NULL),
(284, 'Bless the Lord - Canedo', 'Bless the Lord, all my soul, bless God''s holy Name', NULL, 1, 'songs/bless the lord.canedo/bless the lord.canedo', 0, NULL, 1, 'songs/bless the lord.canedo/bless the lord.canedo', 0, NULL, 1, 'songs/bless the lord.canedo/bless the lord.canedo'),
(285, 'Psalm 95: If You Hear the Voice of God', 'If you hear the voice of God this day, if you hear', NULL, 0, NULL, 1, 'songs/ps 95 if you hear the voice of god/ps 95 if you hear the voice of god', 0, NULL, 0, NULL, 0, NULL),
(286, 'Let the River FLow', 'Let the poor man say "I am rich in him." Let the l', 1, 0, NULL, 1, 'songs/let the river flow/let the river flow', 0, NULL, 0, NULL, 0, NULL),
(287, 'Your Grace Is Enough', 'Great is your faithfulness, O God of Jacob; you wr', NULL, 0, NULL, 1, 'songs/your grace is enough/your grace is enough', 0, NULL, 0, NULL, 0, NULL),
(288, 'In This Place', 'We are all hungry people, we need shelter and stre', NULL, 0, NULL, 1, 'songs/in this place/in this place', 0, NULL, 0, NULL, 0, NULL),
(289, 'Psalm 117: Go Out All to the World', 'Go out to all the world and tell the good news', NULL, 1, 'songs/ps 117 go out to all the world/ps 117 go out to all the world', 0, NULL, 1, 'songs/ps 117 go out to all the world/ps 117 go out to all the world', 1, 'songs/ps 117 go out to all the world/ps 117 go out to all the world', 1, 'songs/ps 117 go out to all the world/ps 117 go out to all the world'),
(290, 'Psalm 51: Create In Me', 'Create in me a clean heart O God and renew a stead', NULL, 0, NULL, 1, 'songs/ps 51 create in me/ps 51 create in me', 0, NULL, 0, NULL, 1, 'songs/ps 51 create in me/ps 51 create in me'),
(291, '- meditative silence -', NULL, NULL, 0, NULL, 0, NULL, 0, NULL, 0, NULL, 0, NULL),
(292, 'Mass of God''s Promise: Glory to God', NULL, NULL, 0, NULL, 0, NULL, 0, NULL, 0, NULL, 1, 'songs/mass of god''s promise/glory to god'),
(293, 'Mass of God''s Promise: Gospel Acclamation', NULL, NULL, 0, NULL, 0, NULL, 0, NULL, 0, NULL, 1, 'songs/mass of god''s promise/gospel acclamation'),
(294, 'Mass of God''s Promise: Holy', NULL, NULL, 0, NULL, 0, NULL, 0, NULL, 0, NULL, 1, 'songs/mass of god''s promise/holy'),
(295, 'Mass of God''s Promise: Memorial Acclamation', NULL, NULL, 0, NULL, 0, NULL, 0, NULL, 0, NULL, 1, 'songs/mass of god''s promise/memorial accl'),
(296, 'Mass of God''s Promise: Amen', NULL, NULL, 0, NULL, 0, NULL, 0, NULL, 0, NULL, 1, 'songs/mass of god''s promise/amen'),
(297, 'Mass of God''s Promise: Lamb of God Litany', NULL, NULL, 0, NULL, 0, NULL, 0, NULL, 0, NULL, 1, 'songs/mass of god''s promise/lamb of god litany'),
(95, 'Sống Cho Người Yêu', 'Từ ngàn xưa Chúa thương con người, Người cho sống', NULL, 0, NULL, 1, 'songs/song cho nguoi yeu/song cho nguoi yeu', 0, NULL, 0, NULL, 0, NULL),
(242, 'Wedding March', '(piano solo) - 3 different versions', NULL, 0, NULL, 0, NULL, 3, 'songs/wedding march/wedding march', 0, NULL, 0, NULL),
(185, 'Psalm 113: Nations and Heavens', 'Praise the Lord who lifts up the poor. Alleluia. A', 2, 1, 'songs/ps 113 nations and heavens/ps 113 nations and heavens', 0, NULL, 1, 'songs/ps 113 nations and heavens/ps 113 nations and heavens', 0, NULL, 1, 'songs/ps 113 nations and heavens/ps 113 nations and heavens'),
(190, 'Con Chỉ Là Tạo Vật', 'Lạy Chúa con chỉ là tạo vật, Chúa thật í a sang gi', NULL, 1, 'songs/con chi la tao vat/con chi la tao vat', 0, NULL, 0, NULL, 0, NULL, 0, NULL),
(169, 'Come, Lord Jesus', 'Come, Lord Jesus come. Come and fill my heart with', NULL, 0, NULL, 1, 'songs/come lord jesus/come lord jesus', 0, NULL, 0, NULL, 1, 'songs/come lord jesus/come lord jesus'),
(298, 'Psalm 121: God Is Ever Wakeful', 'If I look to the mountains, will they come to my a', NULL, 0, NULL, 0, NULL, 1, 'songs/ps 121 god is ever wakeful/ps 121 god is ever wakeful', 0, NULL, 1, 'songs/ps 121 god is ever wakeful/ps 121 god is ever wakeful'),
(299, 'Tin Hay Không Tin', 'Tin hay không tin là', NULL, 0, NULL, 1, 'songs/tin hay khong tin/tin hay khong tin', 0, NULL, 0, NULL, 0, NULL),
(300, 'I Will Choose Christ', 'I will choose Christ, I will choose love; I choose', 1, 0, NULL, 1, 'songs/i will choose christ/i will choose christ', 1, 'songs/i will choose christ/i will choose christ', 0, NULL, 1, 'songs/i will choose christ/i will choose christ'),
(301, 'Psalm 24: Lord, This Is the People', 'Lord, this is the people who long to see your face', NULL, 0, NULL, 1, 'songs/ps 24 lord this is the people/ps 24 lord this is the people', 0, NULL, 0, NULL, 0, NULL),
(302, 'Litanty of the Saints', 'Lord, have mercy. Christ, have mercy.', NULL, 0, NULL, 1, 'songs/litany of the saints/litany of the saints', 0, NULL, 0, NULL, 0, NULL),
(303, 'Revive Me', 'Consider my affliction and please deliver me', NULL, 0, NULL, 0, NULL, 0, NULL, 0, NULL, 0, NULL),
(304, 'Psalm 17: I Call To You, God', 'I call to you, God, for you answer me. Keep your l', NULL, 0, NULL, 0, NULL, 1, 'songs/ps 17 i call to you god/ps 17 i call to you god', 0, NULL, 1, 'songs/ps 17 i call to you god/ps 17 i call to you god'),
(305, 'Psalm 122: I Rejoiced', 'I rejoiced when I heard them say let us go to the', 1, 1, 'songs/ps 122 i rejoiced/ps 122 i rejoiced', 1, 'songs/ps 122 i rejoiced/ps 122 i rejoiced', 1, 'songs/ps 122 i rejoiced/ps 122 i rejoiced', 0, NULL, 1, 'songs/ps 122 i rejoiced/ps 122 i rejoiced'),
(306, 'Rain Down', 'Rain down, rain down, rain down your love on your', 1, 1, 'songs/rain down/rain down', 1, 'songs/rain down/rain down', 1, 'songs/rain down/rain down', 0, NULL, 1, 'songs/rain down/rain down'),
(307, 'Immaculate Mary', 'Immaculate Mary, your praises we sing', NULL, 1, 'songs/immaculate mary/immaculate mary', 0, NULL, 1, 'songs/immaculate mary/immaculate mary', 0, NULL, 0, NULL),
(308, 'Here I Am To Worship', 'Light of the world, You stepped down into darkness', NULL, 0, NULL, 1, 'songs/here i am to worship/here i am to worship', 0, NULL, 0, NULL, 1, 'songs/here i am to worship/here i am to worship'),
(309, 'Psalm 146/147: Bless the Lord, My Soul', 'O bless the Lord my soul who heals the broken hear', NULL, 1, 'songs/ps 146 bless the lord my soul/ps 146 bless the lord my soul', 0, NULL, 1, 'songs/ps 146 bless the lord my soul/ps 146 bless the lord my soul', 0, NULL, 0, NULL),
(318, 'Huron Carol', '''Twas in the moon of winter time when all the bird', NULL, 1, 'songs/huron carol/huron carol', 0, NULL, 1, 'songs/huron carol/huron carol', 0, NULL, 1, 'songs/huron carol/huron carol'),
(319, 'O Come, Little Children', 'O come, little children, o come, one and all. O co', NULL, 1, 'songs/o come little children/o come little children', 0, NULL, 1, 'songs/o come little children/o come little children', 0, NULL, 1, 'songs/o come little children/o come little children'),
(310, 'O Little Town of Bethlehem', 'O little town of Bethlehem how still we see thee l', 1, 1, 'songs/o little town of bethlehem/o little town of bethlehem', 1, 'songs/o little town of bethlehem/o little town of bethlehem', 0, NULL, 0, NULL, 1, 'songs/o little town of bethlehem/o little town of bethlehem'),
(311, 'The First Noel', 'The first Nowell the angels did say was to certain', NULL, 1, 'songs/the first noel/the first noel', 1, 'songs/the first noel/the first noel', 0, NULL, 0, NULL, 0, NULL),
(312, 'Mass of Light: Holy, Holy, Holy', 'Holy, holy, holy Lord. God of power and might.', 2, 1, 'songs/mass of light/holy', 0, NULL, 0, NULL, 0, NULL, 0, NULL),
(313, 'Mass of Light: Memorial Acclamation', 'Let us proclaim the mystery of faith: Dying you de', 2, 1, 'songs/mass of light/memorial acclamation', 0, NULL, 0, NULL, 0, NULL, 0, NULL),
(314, 'Mass of Light: Doxology and Amen', 'Through Him, with Him, in Him, in the unity of the', 2, 1, 'songs/mass of light/great amen', 0, NULL, 0, NULL, 0, NULL, 0, NULL),
(315, 'Mass of Light: Lamb of God', 'Lamb of God, you take away the sins of the world', 2, 1, 'songs/mass of light/lamb of god', 0, NULL, 0, NULL, 0, NULL, 0, NULL),
(320, 'In the Christmas Spirit', 'Hurry, hurry now to Bethelem, Bethelem, Bethelem', NULL, 1, 'songs/in the christmas spirit/in the christmas spirit', 0, NULL, 0, NULL, 0, NULL, 1, 'songs/in the christmas spirit/in the christmas spirit'),
(316, 'Refiner''s Fire', 'Purify my heart, Let me be as gold and precious si', NULL, 0, NULL, 1, 'songs/refiner''s fire/refiner''s fire', 0, NULL, 0, NULL, 1, 'songs/refiner''s fire/refiner''s fire'),
(317, 'Birth Song', 'Her Baby, newly breathing, with wailing needful cr', 2, 1, 'songs/birth song/birth song', 0, NULL, 1, 'songs/birth song/birth song', 1, 'songs/birth song/birth song', 1, 'songs/birth song/birth song'),
(321, 'Our God Is Here', 'Here in this time, here in this place, here we are', 1, 1, 'songs/our god is here/our god is here', 1, 'songs/our god is here/our god is here', 1, 'songs/our god is here/our god is here', 0, NULL, 1, 'songs/our god is here/our god is here'),
(322, 'Voice of Christ', 'O Lord, you bless us each day with gifts from your', NULL, 0, NULL, 2, 'songs/voice of christ/voice of christ', 0, NULL, 0, NULL, 1, 'songs/voice of christ/voice of christ'),
(323, 'It Came Upon the Midnight Clear', 'It came upon the midnight clear that glorious song', NULL, 0, NULL, 1, 'songs/it came upon the midnight clear/it came upon the midnight clear', 0, NULL, 0, NULL, 0, NULL),
(324, 'Gather Your People', 'Gather your people, O Lord. Gather your people O L', NULL, 1, 'songs/gather your people/gather your people', 1, 'songs/gather your people/gather your people', 0, NULL, 0, NULL, 0, NULL),
(325, 'Wade In the Water', 'Wade in the water, wade in the water children wade', NULL, 1, 'songs/wade in the water/wade in the water', 1, 'songs/wade in the water/wade in the water', 0, NULL, 0, NULL, 0, NULL),
(326, 'Down In the River to Pray', 'As I went down in the river to pray', NULL, 1, 'songs/down in the river to pray/down in the river to pray', 0, NULL, 0, NULL, 0, NULL, 1, 'songs/down in the river to pray/down in the river to pray'),
(327, 'Psalm 29: The Lord Will Bless Us With Peace', 'The Lord will bless us with peace', 1, 1, 'songs/ps 29 the lord will bless us with peace/ps 29 the lord', 0, NULL, 0, NULL, 0, NULL, 0, NULL),
(328, 'Psalm 63: My Soul Is Thirsting', 'My soul is thirsting for you O Lord, thirsting for', 1, 0, NULL, 1, 'songs/ps 63 my soul is thirsting/ps 63 my soul is thirsting', 0, NULL, 0, NULL, 1, 'songs/ps 63 my soul is thirsting/ps 63 my soul is thirsting'),
(329, 'Behold the Lamb', 'Those who were in the dark are thankful the standi', 1, 1, 'songs/behold the lamb/behold the lamb', 1, 'songs/behold the lamb/behold the lamb', 0, NULL, 0, NULL, 0, NULL),
(330, 'Shout to the Lord', 'My Jesus, my Savior; Lord, there is none like you', 1, 0, NULL, 1, 'songs/shout to the lord/shout to the lord', 0, NULL, 0, NULL, 0, NULL),
(331, 'Dâng Niềm Cảm Mến', 'Như dòng nến trôi trên bàn thờ, tâm hồn con lâng l', NULL, 1, 'songs/dang niem cam men/dang niem cam men', 0, NULL, 0, NULL, 0, NULL, 0, NULL),
(332, 'Companions for the Journey', 'We are companions on the journey, breaking bread a', 1, 0, NULL, 1, 'songs/companions for the journey/companions for the journey', 0, NULL, 0, NULL, 0, NULL),
(333, 'Earthen Vessels', 'We hold a treasure, not made of gold', 1, 0, NULL, 1, 'songs/earthen vessels/earthen vessels', 0, NULL, 0, NULL, 0, NULL),
(334, 'Con Hân Hoan', 'Con hân hoan bước lên bàn thờ Chúa, Chúa là', NULL, 1, 'songs/con han hoan/con han hoan', 0, NULL, 0, NULL, 0, NULL, 0, NULL),
(335, 'Con Nay Trở Về', 'Con nay trở về, trở về cùng Chúa Chúa ơi', NULL, 1, 'songs/con nay tro ve/con nay tro ve', 0, NULL, 0, NULL, 0, NULL, 0, NULL),
(336, 'Tân Ca Madelena', 'Giọt nước mắt nào, chảy trên gò má, giọt nước mắt', NULL, 1, 'songs/tan ca madelena/tan ca madelena', 0, NULL, 0, NULL, 0, NULL, 0, NULL),
(337, 'You Are Near', 'Yah-weh I know you are near, standing always by my', NULL, 1, 'songs/you are near/you are near', 0, NULL, 0, NULL, 0, NULL, 0, NULL),
(338, 'Hỡi Người Hãy Nhớ', 'Hỡi người hãy nhớ mình là bụi tro, một mai người s', NULL, 1, 'songs/hoi nguoi hay nho/hoi nguoi hay nho', 0, NULL, 0, NULL, 0, NULL, 0, NULL),
(339, 'Mass of Seraphim', 'Bộ lễ Seraphim', NULL, 1, 'songs/mass of seraphim/mass of seraphim', 0, NULL, 0, NULL, 0, NULL, 0, NULL),
(340, 'Mass of Glory: Praise and Glory', 'Praise and honor to you, O Lord. Jesus Christ', NULL, 0, NULL, 1, 'songs/mass of glory/praise.and.honor', 0, NULL, 0, NULL, 0, NULL),
(341, 'Lắng Nghe Lời Chúa', 'Xin cho con biết lắng nghe lời Ngài dạy con trong', NULL, 1, 'songs/lang nghe loi chua/lang nghe loi chua', 0, NULL, 0, NULL, 0, NULL, 0, NULL),
(342, 'Psalm 23: You Are My Shepherd', 'You are my shepherd, my rock, my refuge', 2, 1, 'songs/ps 23 you are my shepherd/ps 23 you are my shepherd', 0, NULL, 1, 'songs/ps 23 you are my shepherd/ps 23 you are my shepherd', 0, NULL, 1, 'songs/ps 23 you are my shepherd/ps 23 you are my shepherd'),
(343, 'Somebody''s Knockin'' At Your Door', 'Somebody''s knockin'' at your door', 1, 0, NULL, 1, 'songs/somebody knockin at your door/somebody knockin at your door', 0, NULL, 0, NULL, 0, NULL),
(344, 'Psalm 130: With the Lord There Is Mercy', 'With the Lord there is mercy, and fullness of rede', 1, 0, NULL, 1, 'songs/ps 130 with the lord there is mercy/ps 130 with the lord there is mercy', 0, NULL, 0, NULL, 0, NULL),
(346, 'Hoan Ca Phục Sinh', 'Bà Maria ơi trên đường bà thấy những gì', NULL, 1, 'songs/hoan ca phuc sinh/hoan ca phuc sinh', 0, NULL, 0, NULL, 0, NULL, 0, NULL),
(347, 'Song of the Cross', 'Love, lifted up on the cross for me: my Lord', NULL, 0, NULL, 1, 'songs/song of the cross/song of the cross', 0, NULL, 0, NULL, 0, NULL),
(348, 'Join In the Dance', 'Join in the dance of the earth''s jublilation', NULL, 0, NULL, 1, 'songs/join in the dance/join in the dance', 0, NULL, 0, NULL, 1, 'songs/join in the dance/join in the dance'),
(349, 'We Are Many Parts', 'We are many parts, we are all one body', 1, 1, 'songs/we are many parts/we are many parts', 1, 'songs/we are many parts/we are many parts', 0, NULL, 0, NULL, 0, NULL),
(350, 'Alleluia Festivalé', 'Jesus Christ is risen today, alleluia alle alleuia', 1, 0, NULL, 1, 'songs/alleluia festivale/alleluia festivale', 0, NULL, 0, NULL, 0, NULL),
(351, 'Trên Đường Emmau', 'Trên đường Emmau, hai người lữ khách bước đi bên n', NULL, 1, 'songs/tren duong emmau/tren duong emmau', 0, NULL, 0, NULL, 0, NULL, 0, NULL),
(352, 'As One Unknown', 'He comes to us as one unknown, a breath unseen unh', 1, 0, NULL, 1, 'songs/as one unknown/as one unknown', 0, NULL, 0, NULL, 0, NULL),
(353, 'Đồng Cỏ Tươi', 'Đồng là đồng cỏ tươi, Chúa chăn cho tôi nghỉ ngơi', NULL, 1, 'songs/dong co tuoi/dong co tuoi', 0, NULL, 0, NULL, 0, NULL, 0, NULL),
(354, 'Thần Khí Chúa', 'Thần Khí Chúa đã sai tôi đi, sai tôi đi loan báo t', NULL, 1, 'songs/than khi chua/than khi chua', 0, NULL, 0, NULL, 0, NULL, 0, NULL),
(355, 'Sing A New Song', 'Sing a new song unto the Lord, let your song be su', 1, 1, 'songs/sing a new song/sing a new song', 1, 'songs/sing a new song/sing a new song', 0, NULL, 0, NULL, 0, NULL),
(356, 'Tìm Về Chân Thiện Mỹ', 'Chúa là Chân Thiện Mỹ, là chân là tình yêu là ánh', NULL, 0, NULL, 1, 'songs/tim ve chan thien my/tim ve chan thien my', 0, NULL, 0, NULL, 0, NULL),
(357, 'These Are Alone Are Enough', 'Take my heart, O Lord, take my hopes and dreams. T', 1, 0, NULL, 1, 'songs/these alone are enough/these alone are enough', 0, NULL, 0, NULL, 0, NULL),
(358, 'City of God', 'Awake from your slumber, arise from your sleep! A', 1, 1, 'songs/city of god/city of god', 1, 'songs/city of god/city of god', 0, NULL, 0, NULL, 0, NULL),
(359, 'Nếu Các Con', 'Nếu các con yêu mến Thầy, thì hãy giữ lời Thầy. Th', NULL, 1, 'songs/neu cac con/neu cac con', 0, NULL, 0, NULL, 0, NULL, 0, NULL),
(360, 'Tình Cha Nghĩa Mẹ', 'Cho con làm người', NULL, 1, 'songs/tinh cha nghia me/tinh cha nghia me', 0, NULL, 0, NULL, 0, NULL, 0, NULL),
(361, 'All the Ends of the Earth', 'All the ends of the earth, all creatures of the se', NULL, 1, 'songs/all the ends of the earth/all the ends of the earth', 1, 'songs/all the ends of the earth/all the ends of the earth', 0, NULL, 0, NULL, 0, NULL),
(362, 'Behold the Glory of God', 'Behold the glory of God, the Daystar arising', 1, 0, NULL, 1, 'songs/behold the glory of god/behold the glory of god', 0, NULL, 0, NULL, 0, NULL),
(363, 'We Are Called', 'Come! Live in the light! Shien with the joy and th', 2, 1, 'songs/we are called/we are called', 1, 'songs/we are called/we are called', 1, 'songs/we are called/we are called', 0, NULL, 3, 'songs/we are called/we are called'),
(364, 'Psalm 47: God Mounts His Throne', 'God mounts His throne to shouts of joy, a blare of', 1, 0, NULL, 1, 'songs/ps 47 god mounts his throne/ps 47 god mounts his throne', 0, NULL, 0, NULL, 1, 'songs/ps 47 god mounts his throne/ps 47 god mounts his throne'),
(365, 'Thượng Tiến Chúa Ba Ngôi', 'Thượng lên Ba Ngôi bánh rượu này tinh tuyền', NULL, 1, 'songs/thuong tien chua ba ngoi/thuong tien chua ba ngoi', 0, NULL, 0, NULL, 0, NULL, 0, NULL),
(366, 'Glory and Praise to Our God', 'Glory and praise to our God who alone gives light', 1, 1, 'songs/glory and praise to our god/glory and praise to our god', 1, 'songs/glory and praise to our god/glory and praise to our god', 0, NULL, 0, NULL, 0, NULL),
(367, 'Ang Katawan Ni Kristo', 'In the presence of our God, as we gather in Christ', NULL, 1, 'songs/ang katawan ni kristo/ang katawan ni kristo', 1, 'songs/ang katawan ni kristo/ang katawan ni kristo', 1, 'songs/ang katawan ni kristo/ang katawan ni kristo', 0, NULL, 0, NULL),
(368, 'Mass of Joyful Heart: Glory', 'Glory to God in the highest and peace to all peopl', 1, 0, NULL, 1, 'songs/mass of joyful heart/glory', 0, NULL, 0, NULL, 1, 'songs/mass of joyful heart/glory'),
(369, 'Mass of Joyful Heart: Gospel Acclamation', 'Alleluia allelluia alleluia', NULL, 0, NULL, 1, 'songs/mass of joyful heart/alleluia', 0, NULL, 0, NULL, 1, 'songs/mass of joyful heart/alleluia'),
(370, 'Mass of Joyful Heart: Holy', 'Holy holy Lord God of power and might', NULL, 0, NULL, 1, 'songs/mass of joyful heart/holy', 0, NULL, 0, NULL, 1, 'songs/mass of joyful heart/holy'),
(371, 'Mass of Joyful Heart: Memorial Acclamation', 'Christ has died, Christ has risen, Christ will com', NULL, 0, NULL, 1, 'songs/mass of joyful heart/memorial', 0, NULL, 0, NULL, 1, 'songs/mass of joyful heart/memorial'),
(372, 'Mass of Joyful Heart: Great Amen', 'Amen, amen, amen', NULL, 0, NULL, 1, 'songs/mass of joyful heart/amen', 0, NULL, 0, NULL, 1, 'songs/mass of joyful heart/amen'),
(373, 'Mass of Joyful Heart: Lamb of God', 'Lamb of God you take away the sins of the world', NULL, 0, NULL, 1, 'songs/mass of joyful heart/lamb', 0, NULL, 0, NULL, 1, 'songs/mass of joyful heart/lamb'),
(374, 'Psalm 34: Taste and See', 'Taste and see, taste and see the goodness of the L', NULL, 1, 'songs/ps 34 taste and see.moore/ps 34 taste and see', 0, NULL, 1, 'songs/ps 34 taste and see.moore/ps 34 taste and see', 0, NULL, 0, NULL),
(375, 'Psalm 19: Your Words Are Spirit and Life', 'Your words are spirit and life, O Lord, richer tha', 1, 0, NULL, 1, 'songs/ps 19 your words are spirit and life/ps 19 your words are spirit and life', 0, NULL, 0, NULL, 1, 'songs/ps 19 your words are spirit and life/ps 19 your words are spirit and life'),
(376, 'Jesus, Be With Us Now', 'We come before you with all we have, the works of', 2, 1, 'songs/jesus be with us now/jesus be with us now', 0, NULL, 1, 'songs/jesus be with us now/jesus be with us now', 0, NULL, 1, 'songs/jesus be with us now/jesus be with us now'),
(345, 'Lord, I Lift Your Name On High', 'Lord, I lift your name on high.  Lord I love to si', NULL, 0, NULL, 1, 'songs/lord i lift your name on high/lord i lift your name on high', 1, 'songs/lord i lift your name on high/lord i lift your name on high', 0, NULL, 0, NULL),
(418, 'Xin Ngợi Khen Cha', 'Chúng con xin ngợi khen Cha.  Chúng con xin tạ ơn', NULL, 0, NULL, 1, 'songs/xin ngoi khen cha/xin ngoi khen cha', 0, NULL, 0, NULL, 0, NULL),
(419, 'Kìa Ai', 'Kìa ai dong duổi đường gió bụi.  Gánh sầu thương', NULL, 1, 'songs/kia ai/kia ai', 0, NULL, 0, NULL, 0, NULL, 0, NULL),
(420, 'Seed Scattered And Sown', 'Seed, scattered and sown, wheat, gathered and grow', NULL, 1, 'songs/seed scattered and sown/seed scattered and sown', 0, NULL, 0, NULL, 0, NULL, 0, NULL),
(377, 'Shine, Jesus, Shine', 'Shine, Jesus, shine; fill this land with the Fathe', 1, 0, NULL, 1, 'songs/shine jesus shine/shine jesus shine', 0, NULL, 0, NULL, 1, 'songs/shine jesus shine/shine jesus shine'),
(378, 'Psalm 95: If Today You Hear His Voice', 'If today you hear God''s voice, harden not your hea', 1, 0, NULL, 1, 'songs/ps 95 if today/ps 95 if today you hear his voice', 0, NULL, 0, NULL, 1, 'songs/ps 95 if today/ps 95 if today you hear his voice'),
(379, 'Lời Vọng Tình Yêu', 'Trên đồi cao vang thiết tha tiếng vọng mời tình yê', NULL, 0, NULL, 1, 'songs/loi vong tinh yeu/loi vong tinh yeu', 0, NULL, 0, NULL, 0, NULL),
(380, 'Psalm 95: If Today', 'If today you hear God''s voice, harden not your hea', 1, 0, NULL, 1, 'songs/ps 95 if today.thomson/ps 95 if today', 0, NULL, 0, NULL, 1, 'songs/ps 95 if today.thomson/ps 95 if today'),
(381, 'Seek Ye First', 'Seek ye first the kingdom of God', 1, 1, 'songs/seek ye first/seek ye first', 1, 'songs/seek ye first/seek ye first', 0, NULL, 0, NULL, 0, NULL),
(382, 'Jesus the Lord', 'Jesus, Jesus, let all creation bend the knee to th', 1, 1, 'songs/jesus the lord/jesus the lord', 1, 'songs/jesus the lord/jesus the lord', 0, NULL, 0, NULL, 1, 'songs/jesus the lord/jesus the lord'),
(383, 'Save Us, O Lord', 'Save us, O Lord; carry us back. Rouse your power', 1, 0, NULL, 1, 'songs/save us o lord/save us o lord', 0, NULL, 0, NULL, 0, NULL),
(384, 'It''s More Than Wine and Bread', 'When we eat this bread, our eyes are opened.', 1, 0, NULL, 1, 'songs/it''s more than wine and bread/it''s more than', 0, NULL, 0, NULL, 1, 'songs/it''s more than wine and bread/it''s more than'),
(385, 'Khúc Ca Dâng', 'Tình Ngài tựa như giòng suối mát. Tràn đầy vào hồn', NULL, 0, NULL, 1, 'songs/khuc dang ca/khuc dang ca', 0, NULL, 0, NULL, 0, NULL),
(386, 'Blessed Be Your Name', 'Blessed be Your name in the land that is plentiful', NULL, 0, NULL, 1, 'songs/blessed be your name/blessed be your name', 0, NULL, 0, NULL, 1, 'songs/blessed be your name/blessed be your name'),
(387, 'Psalm 96: Sing a New Song', 'Sing a new song to the Lord. Sing a new to the Lor', NULL, 1, 'songs/ps 96 sing a new song/ps 96 sing a new song', 0, NULL, 1, 'songs/ps 96 sing a new song/ps 96 sing a new song', 0, NULL, 1, 'songs/ps 96 sing a new song/ps 96 sing a new song'),
(388, 'Sing Praise to God, the Gardener', 'Tall stand the Tree besides the stream where livin', NULL, 0, NULL, 1, 'songs/sing praise to god the gardener/sing praise', 0, NULL, 0, NULL, 1, 'songs/sing praise to god the gardener/sing praise'),
(389, 'Open the Eyes of My Heart', 'Open the eyes my heart, Lord. Open the eyes of my', NULL, 0, NULL, 1, 'songs/open the eyes of my heart/open the eyes of my heart', 0, NULL, 0, NULL, 4, 'songs/open the eyes of my heart/open the eyes of my heart'),
(390, 'Celebramos Y Recordamos', 'Celebramos y recordamos, familia y amigos', NULL, 0, NULL, 1, 'songs/celebramos y recordamos/celebramos', 0, NULL, 0, NULL, 1, 'songs/celebramos y recordamos/celebramos'),
(391, 'Chúa Chiên Lành', 'Chúa chiên lành Người thương dẫn tôi đi, tôi không', NULL, 0, NULL, 1, 'songs/chua chien lanh/chua chien lanh', 0, NULL, 0, NULL, 0, NULL),
(392, 'Lên Đền Thánh', 'Từ muôn phương ta về đây sánh vai lên đường', NULL, 0, NULL, 1, 'songs/len den thanh/len den thanh', 0, NULL, 0, NULL, 0, NULL),
(393, 'Take and Receive', 'Take and receive O Lord, my liberty. Take all my w', NULL, 1, 'songs/take and receive/take and receive', 0, NULL, 0, NULL, 0, NULL, 0, NULL),
(394, 'The Heart of Worship', 'When the music fades, all is stripped away, and I', 1, 0, NULL, 1, 'songs/the heart of worship/heart of worship', 0, NULL, 0, NULL, 3, 'songs/the heart of worship/heart of worship'),
(396, 'Soon and Very Soon', 'Soon and very soon, we are going to see the King', 1, 1, 'songs/soon and very soon/soon and very soon', 1, 'songs/soon and very soon/soon and very soon', 0, NULL, 0, NULL, 0, NULL),
(395, 'Ôi Giêsu', 'Ôi Giêsu! Chúa Giêsu là vua, Chúa muôn thuở', NULL, 1, 'songs/oi giesu/oi giesu', 0, NULL, 0, NULL, 0, NULL, 0, NULL),
(397, 'Ready the Way', 'Ready the way of the Lord!', 1, 1, 'songs/ready the way/ready the way', 1, 'songs/ready the way/ready the way', 0, NULL, 0, NULL, 0, NULL),
(398, 'St. Louis Jesuits Mass: Lord Have Mercy', 'Lord, have mercy!', 1, 0, NULL, 1, 'songs/st. louis jesuits mass/lord have mercy', 0, NULL, 0, NULL, 0, NULL),
(399, 'St. Louis Jesuits Mass: Glory to God', 'Give glory to God in the highest, and peace', 1, 0, NULL, 0, NULL, 0, NULL, 0, NULL, 0, NULL),
(400, 'St. Louis Jesuits Mass: Alleluia', 'Alleluia, Alleluia, Alleluia', 1, 0, NULL, 0, NULL, 0, NULL, 0, NULL, 0, NULL),
(401, 'St. Louis Jesuits Mass: Praise To You Lord Jesus C', 'Praise to You Lord Jesus Christ', NULL, 0, NULL, 0, NULL, 0, NULL, 0, NULL, 0, NULL),
(402, 'St. Louis Jesuits Mass: Holy', 'Holy, holy, holy Lord. God of pow''r and might', NULL, 1, 'songs/st. louis jesuits mass/holy', 1, 'songs/st. louis jesuits mass/holy', 0, NULL, 0, NULL, 0, NULL),
(403, 'St. Louis Jesuits Mass: Memorial Acclamation A', 'Christ has died, Christ has risen', NULL, 0, NULL, 0, NULL, 0, NULL, 0, NULL, 0, NULL),
(404, 'St. Louis Jesuits Mass: Memorial Acclamation C', 'When we eat this bread of life, when we drink', 1, 1, 'songs/st. louis jesuits mass/memorial c', 1, 'songs/st. louis jesuits mass/memorial c', 0, NULL, 0, NULL, 0, NULL),
(405, 'St. Louis Jesuits Mass: Amen', 'Amen, alleluia, forever and ever, forever', NULL, 1, 'songs/st. louis jesuits mass/amen', 1, 'songs/st. louis jesuits mass/amen', 0, NULL, 0, NULL, 0, NULL),
(406, 'St. Louis Jesuits Mass: Lamb of God Litany', 'Lamb of God you take away the sins of the world', 1, 0, NULL, 1, 'songs/st. louis jesuits mass/lamb', 0, NULL, 0, NULL, 0, NULL),
(407, 'Luke 1: My Soul Proclaims Your Greatness', 'My soul proclaims your greatness, O God, and', NULL, 0, NULL, 0, NULL, 1, 'songs/luke 1 my soul proclaims your greatness/luke 1 my soul proclaims', 0, NULL, 0, NULL),
(408, 'Mừng Khen Giavê', NULL, NULL, 0, NULL, 1, 'songs/mung khen giave/mung khen giave', 0, NULL, 0, NULL, 0, NULL),
(409, 'Ready the Way', 'Ready the way, ready the way', NULL, 0, NULL, 1, 'songs/ready the way.stephan/ready the way', 0, NULL, 0, NULL, 1, 'songs/ready the way.stephan/ready the way'),
(410, 'Ba Vua Hành Khúc', 'Trên trời cao nay thấy tinh tú nào đó', NULL, 1, 'songs/ba vua hanh khuc/ba vua hanh khuc', 0, NULL, 0, NULL, 0, NULL, 0, NULL),
(411, 'Psalm 72: Lord, Every Nation', 'Lord ev''ry nation on earth will adore you', NULL, 0, NULL, 1, 'songs/ps 72 lord every nation.haas/ps 72 lord every nation', 0, NULL, 0, NULL, 1, 'songs/ps 72 lord every nation.haas/ps 72 lord every nation'),
(412, 'Psalm 29: The Lord Will Bless All People', 'The Lord will bless all people, all people with pe', NULL, 1, 'songs/ps 29 the lord will bless all people/ps 29 the lord bless all people', 0, NULL, 0, NULL, 0, NULL, 1, 'songs/ps 29 the lord will bless all people/ps 29 the lord bless all people'),
(413, 'America', 'My country, ''tis of thee, sweetland of Liberty', NULL, 1, 'songs/america/america', 1, 'songs/america/america', 0, NULL, 0, NULL, 0, NULL),
(414, 'America the Beautiful', 'O beautiful for spacious skies, for amber waves of', NULL, 1, 'songs/america the beautiful/america the beautiful', 1, 'songs/america the beautiful/america the beautiful', 0, NULL, 0, NULL, 0, NULL),
(415, 'Psalm 95: If Today You Hear His Voice', 'If today you hear his voice, harden not your heart', 1, 0, NULL, 1, 'songs/ps 95 if today.manibusan/ps 95 if today.manibusan', 0, NULL, 0, NULL, 1, 'songs/ps 95 if today.manibusan/ps 95 if today.manibusan'),
(416, 'Tình Yêu Thắm Nồng', 'Trong yêu thương dâng đầy, bên ngai ân tình', NULL, 1, 'songs/tinh yeu tham nong/tinh yeu tham nong', 0, NULL, 0, NULL, 0, NULL, 0, NULL),
(417, 'Psalm 147: Praise the Lord', 'Praise the Lord who heals the broken hearted', 1, 0, NULL, 1, 'songs/ps 147 praise the lord/ps 147 praise the lord', 0, NULL, 0, NULL, 1, 'songs/ps 147 praise the lord/ps 147 praise the lord'),
(421, 'Prince of Peace', 'You are Holy. You are mighty. You are worthy', NULL, 0, NULL, 1, 'songs/prince of peace/password.1721', 0, NULL, 0, NULL, 1, 'songs/prince of peace/prince of peace'),
(422, 'Psalm 32: I Turn to You, Lord', 'I turn to you, Lord, in time of trouble, and you f', 1, 0, NULL, 1, 'songs/ps 32 i turn to you lord/ps 32 i turn to you lord', 0, NULL, 0, NULL, 1, 'songs/ps 32 i turn to you lord/ps 32 i turn to you lord'),
(423, 'Love Never Fails', 'Love is patient, love is kind, love is not jealous', 1, 0, NULL, 1, 'songs/love never fails.manibusan/love never fails.manibusan', 0, NULL, 0, NULL, 1, 'songs/love never fails.manibusan/love never fails.manibusan'),
(424, 'Psalm 41: O God, Heal My Soul', 'O God heal me soul for I have sinned against You.', 2, 1, 'songs/ps 41 o god heal my soul/ps 41 o god heal my soul', 0, NULL, 1, 'songs/ps 41 o god heal my soul/ps 41 o god heal my soul', 1, 'songs/ps 41 o god heal my soul/ps 41 o god heal my soul', 1, 'songs/ps 41 o god heal my soul/ps 41 o god heal my soul'),
(425, 'Song of the Temptation', 'From the river to the desert, forty days that give', 2, 1, 'songs/song of the temptation/song of the temptation', 0, NULL, 1, 'songs/song of the temptation/song of the temptation', 0, NULL, 1, 'songs/song of the temptation/song of the temptation'),
(426, '40 Days', 'Forty days to wander, forty days to die to self. F', 1, 0, NULL, 1, 'songs/40 days/40 days', 0, NULL, 0, NULL, 1, 'songs/40 days/40 days'),
(427, 'Beyond the Days', 'Beyond the days of hope and myst''ry', NULL, 0, NULL, 1, 'songs/beyond the days/beyond the days', 0, NULL, 0, NULL, 1, 'songs/beyond the days/beyond the days'),
(428, 'Sometimes By Step', 'Sometimes the night is beautiful, sometimes the sk', NULL, 0, NULL, 1, 'songs/sometimes by step/sometimes by step', 0, NULL, 0, NULL, 1, 'songs/sometimes by step/sometimes by step'),
(429, 'Heritage Mass: Lord, Have Mercy', 'Lord, have mercy. Lord have mercy', 1, 0, NULL, 1, 'songs/heritage mass/lord have mercy', 0, NULL, 0, NULL, 0, NULL),
(430, 'Heritage Mass: Gospel Acclamation', 'Praise to you Lord Jesus Christ', 1, 0, NULL, 1, 'songs/heritage mass/gospel accl', 0, NULL, 0, NULL, 0, NULL),
(431, 'Heritage Mass: Memorial Acclamation A', 'Christ has died. Christ has risen. Christ will com', 1, 0, NULL, 1, 'songs/heritage mass/accl amen', 0, NULL, 0, NULL, 0, NULL),
(432, 'Heritage Mass: Great Amen', 'Amen', 1, 0, NULL, 1, 'songs/heritage mass/accl amen', 0, NULL, 0, NULL, 0, NULL),
(433, 'Heritage Mass: Lamb of God', 'Lamb of God You take away the sins of the world', NULL, 0, NULL, 1, 'songs/heritage mass/lamb of god', 0, NULL, 0, NULL, 0, NULL),
(434, 'Heritage Mass: Memorial Acclamation C', 'When we eat this bread and drink this cup we procl', NULL, 0, NULL, 1, 'songs/heritage mass/accl c', 0, NULL, 0, NULL, 0, NULL),
(435, 'Heritage Mass: Gospel Acclamation 5th Len', 'Praise to you Lord Jesus Christ', NULL, 0, NULL, 1, 'songs/heritage mass/gospel accl 5', 0, NULL, 0, NULL, 0, NULL),
(436, 'Unless A Grain of Wheat', 'Unless a grain of wheat shall upon the ground and ', NULL, 1, 'songs/unless a grain of wheat/unless a grain', 1, 'songs/unless a grain of wheat/unless a grain', 0, NULL, 0, NULL, 0, NULL),
(437, 'Behold the Wood', 'Behold behold the wood of the cross', 1, 1, 'songs/behold the wood/behold the wood', 1, 'songs/behold the wood/behold the wood', 0, NULL, 0, NULL, 0, NULL),
(438, 'Hosanna', 'I see the King of glory coming on the clouds', NULL, 0, NULL, 1, 'songs/hosanna/hosanna', 0, NULL, 0, NULL, 1, 'songs/hosanna/hosanna'),
(439, 'Jesus Remember Me', 'Jesus remember me when you come into your kingdom', 1, 1, 'songs/jesus remember me/jesus remember me', 0, NULL, 0, NULL, 0, NULL, 0, NULL),
(440, 'There''s a Wideness in God''s Mercy', 'There''s a wideness in God''s mercy like the widenes', 2, 1, 'songs/there''s a wideness in god''s mercy.gia/there''s a wideness', 0, NULL, 0, NULL, 0, NULL, 0, NULL),
(441, 'Psalm 118: This Is the Day', 'This is the day the Lord has made. I will rejoice ', 1, 0, NULL, 1, 'songs/ps 118 this is the day/ps 118 this is the day', 0, NULL, 0, NULL, 1, 'songs/ps 118 this is the day/ps 118 this is the day'),
(442, 'Chúa Phục Sinh', 'Chúa nay thực đã phục sinh, al-lê-lu-ia', NULL, 1, 'songs/chua phuc sinh/chua phuc sinh', 0, NULL, 0, NULL, 0, NULL, 0, NULL),
(443, 'Toma, Hãy Tin', 'Nếu tôi không được nhìn thấy dấu đinh noi bàn tay', NULL, 1, 'songs/toma hay tin/toma hay tin', 0, NULL, 0, NULL, 0, NULL, 0, NULL),
(444, 'We Walk By Faith', 'We walk by faith, and not by sight: no gracious wo', 1, 0, NULL, 1, 'songs/we walk by faith/we walk by faith', 0, NULL, 0, NULL, 0, NULL),
(445, 'Psalm 4: Lord, Let Shine Your Face Upon Us', 'Lord, let your face shine upon us. Lord, let it sh', 1, 0, NULL, 1, 'songs/ps 4 lord let your face shine upon us/ps 4 let your face', 0, NULL, 0, NULL, 1, 'songs/ps 4 lord let your face shine upon us/ps 4 let your face'),
(446, 'River of Glory', 'River of glory, springs of our birth', 1, 0, NULL, 1, 'songs/river of glory/river of glory', 0, NULL, 0, NULL, 1, 'songs/river of glory/river of glory'),
(447, 'Chúa Là Cây Nho', 'Chúa là cây nho, con là cành nho, cũng như', NULL, 1, 'songs/chua la cay nho/chua la cay nho', 0, NULL, 0, NULL, 0, NULL, 0, NULL),
(448, 'Nếu Chúa Là', 'Nếu Chúa là mặt trời, con mong làm trái đất', NULL, 2, 'songs/neu chua la/neu chua la', 0, NULL, 0, NULL, 0, NULL, 0, NULL),
(449, 'Set Me as a Seal', 'Set me as a seal on your heart.', 1, 0, NULL, 1, 'songs/set me as a seal/set me as a seal', 0, NULL, 0, NULL, 1, 'songs/set me as a seal/set me as a seal'),
(450, 'The Power of Your Love', 'Lord, I come to You. Let my heart be changed renew', 1, 1, 'songs/the power of your love/power of your love', 1, 'songs/the power of your love/password.0817', 0, NULL, 0, NULL, 0, NULL),
(451, 'Testify to Love', 'All the colors of the rainbow, all the voices of t', 1, 0, NULL, 1, 'songs/testify to love/testify to love', 0, NULL, 0, NULL, 1, 'songs/testify to love/testify to love'),
(452, 'Tình Yêu Thiên Chúa', 'Tình yêu Thiên Chúa như trăng như sao đưa con lên ', NULL, 0, NULL, 1, 'songs/tinh yeu thien chua/tinh yeu thien chua', 0, NULL, 0, NULL, 0, NULL),
(453, 'Psalm 145: The Lord Is Near', 'The Lord is near to all who call him', 1, 0, NULL, 1, 'songs/ps 145 the lord is near/the lord is near', 0, NULL, 0, NULL, 1, 'songs/ps 145 the lord is near/the lord is near'),
(454, 'Sing a Joyful Song', 'Sing a joyful song to the Lord. Alleluia.', NULL, 1, 'songs/sing a joyful song/sing a joyful song', 1, 'songs/sing a joyful song/sing a joyful song', 0, NULL, 0, NULL, 0, NULL),
(455, 'Từ Rất Xa Khơi', 'Từ rất xa khơi, Người đã chọn tôi', NULL, 0, NULL, 1, 'songs/tu rat xa khoi/tu rat xa khoi', 0, NULL, 0, NULL, 0, NULL),
(456, 'Let the Fire Fall', 'Holy Spirit, come your fire!', NULL, 0, NULL, 1, 'songs/let the fire fall/let the fire fall', 0, NULL, 0, NULL, 0, NULL),
(457, 'I Say Yes Lord', 'To the God who can not die, I say "Yes" my Lord', NULL, 0, NULL, 1, 'songs/i say yes lord/i say yes lord', 0, NULL, 0, NULL, 0, NULL),
(458, 'Gieo Bước Tình Hồng ', 'Tình yêu đầu đẹp như mùa trăng sao', NULL, 1, 'songs/gieo buoc tinh hong/gieo buoc tinh hong', 0, NULL, 0, NULL, 0, NULL, 0, NULL),
(459, 'Tình Hồng Dâng Mẹ', 'Đời con dâng Mẹ đẹp chiều nay hai hàng nến hồng', NULL, 1, 'songs/tinh hong dang me/tinh hong dang me', 0, NULL, 0, NULL, 0, NULL, 0, NULL),
(460, 'One Bread, One Cup', 'We all come before You now, hungry for your healin', NULL, 0, NULL, 1, 'songs/one bread one cup/one bread one cup', 0, NULL, 0, NULL, 1, 'songs/one bread one cup/one bread one cup'),
(461, 'There Will Be Bread', 'There was a gathering of thousands but no food', NULL, 0, NULL, 1, 'songs/there will be bread/there will be bread', 0, NULL, 0, NULL, 1, 'songs/there will be bread/there will be bread'),
(462, 'Psalm 107: God Shepherds the Poor', 'Give thanks to the Lord, the Lord of all goodness', 1, 1, 'songs/ps 107 god shepherds the poor/ps 107 god shepherds the poor', 0, NULL, 1, 'songs/ps 107 god shepherds the poor/ps 107 god shepherds the poor', 1, 'songs/ps 107 god shepherds the poor/ps 107 god shepherds the poor', 1, 'songs/ps 107 god shepherds the poor/ps 107 god shepherds the poor'),
(463, 'Sống Trong Niềm Vui', 'Một đời lần trong đêm tối, tình yêu con nay như ha', NULL, 1, 'songs/song trong niem vui/song trong niem vui', 0, NULL, 0, NULL, 0, NULL, 0, NULL),
(464, 'Stand By Me', 'When the storms of life are raging Lord stand by m', 1, 1, 'songs/stand by me/stand by me', 1, 'songs/stand by me/stand by me', 1, 'songs/stand by me/stand by me', 0, NULL, 1, 'songs/stand by me/stand by me'),
(465, 'Psalm 123: Our Eyes Rest On You', 'Our eyes rest on you Lord awaiting kindness', 2, 1, 'songs/ps 123 our eyes rest on you/ps 123 our eyes rest on you', 0, NULL, 1, 'songs/ps 123 our eyes rest on you/ps 123 our eyes rest on you', 1, 'songs/ps 123 our eyes rest on you/ps 123 our eyes rest on you', 1, 'songs/ps 123 our eyes rest on you/ps 123 our eyes rest on you'),
(466, 'Shout to the North', 'Men of faith raise up and sing, of the great and g', 3, 1, 'songs/shout to the north/shout to the north', 0, NULL, 0, NULL, 0, NULL, 1, 'songs/shout to the north/shout to the north'),
(467, 'We Are A Chosen People', 'We are a chosen people begotten by the Father', NULL, 1, 'songs/we are a chosen people/we are a chosen people', 0, NULL, 0, NULL, 0, NULL, 0, NULL),
(468, 'Psalm 85: Lord, Show Us Your Mercy and Love', 'Lord show us your mercy and love', NULL, 0, NULL, 1, 'songs/ps 85 lord show us your mercy/ps 85 lord show us your mercy', 0, NULL, 0, NULL, 1, 'songs/ps 85 lord show us your mercy/ps 85 lord show us your mercy'),
(469, 'Đồng Xanh Thơ', 'Đồng cỏ xanh êm vui bên suối thơ Người đưa bước tô', NULL, 1, 'songs/dong xanh tho/dong xanh tho', 0, NULL, 0, NULL, 0, NULL, 0, NULL),
(470, 'With One Voice', 'Take the Word  and go out to ev''ry land: shine the', NULL, 0, NULL, 1, 'songs/with one voice/with one voice', 0, NULL, 0, NULL, 1, 'songs/with one voice/with one voice'),
(471, 'Như Con Dã Tràng', 'Như con dã tràng xe cát biển Đông sóng nước', NULL, 2, 'songs/nhu con da trang/nhu con da trang', 0, NULL, 0, NULL, 0, NULL, 0, NULL),
(472, 'Bread for the World', 'Bread for the world, a world of hunger', NULL, 0, NULL, 1, 'songs/bread for the world/bread for the world', 0, NULL, 0, NULL, 1, 'songs/bread for the world/bread for the world'),
(473, 'Psalm 78: Raining Down Manna', 'Raining down manna, God''s bread from the heavens', NULL, 0, NULL, 0, NULL, 1, 'songs/ps 78 raining down manna/ps 78 raining down manna', 0, NULL, 1, 'songs/ps 78 raining down manna/ps 78 raining down manna'),
(474, 'Lead Us to the Water: Dismissal', 'Go now; love each other. Thanks be to God', NULL, 0, NULL, 1, 'songs/lead us to the water/dismissal', 0, NULL, 0, NULL, 1, 'songs/lead us to the water/dismissal'),
(475, 'Pescador De Hombre', 'Lord, You have come to the seashore.', 1, 1, 'songs/pescador de hombres/pescador de hombres', 1, 'songs/pescador de hombres/pescador de hombres', 0, NULL, 0, NULL, 1, 'songs/pescador de hombres/pescador de hombres'),
(476, 'Transfigure Us, O Lord', 'Transfigure us, O Lord. Transfigure us, O Lord.', 1, 1, 'songs/transfigure us o lord/transfigure us o lord', 1, 'songs/transfigure us o lord/transfigure us o lord', 1, 'songs/transfigure us o lord/transfigure us o lord', 0, NULL, 1, 'songs/transfigure us o lord/transfigure us o lord'),
(477, 'Hungry', 'Hungry I come to you for I know you satisfy', 1, 0, NULL, 1, 'songs/hungry/hungry', 0, NULL, 0, NULL, 2, 'songs/hungry/hungry'),
(478, 'Psalm 54: The Lord Upholds My Life', 'The Lord upholds my life', 1, 0, NULL, 1, 'songs/ps 54 the lord upholds my life.maher.booth/ps 54 the lord upholds my life', 0, NULL, 0, NULL, 1, 'songs/ps 54 the lord upholds my life.maher.booth/ps 54 the lord upholds my life'),
(479, 'Psalm 93: From the Clay / Lord You Reign In Glory', 'From the clay you shape me, from the flesh ', 2, 1, 'songs/ps 93 from the clay/ps 93 from the clay', 0, NULL, 1, 'songs/ps 93 from the clay/ps 93 from the clay', 1, 'songs/ps 93 from the clay/ps 93 from the clay', 0, NULL),
(480, 'Give Thanks', 'Give thanks with a grateful hearts', NULL, 1, 'songs/give thanks/give thanks', 1, 'songs/give thanks/give thanks', 0, NULL, 0, NULL, 0, NULL),
(481, 'Psalm 27: The Lord Is My Light', 'The Lord is my light and my salvation', 2, 1, 'songs/ps 27 the lord is my light/ps 27 the lord is my light', 0, NULL, 1, 'songs/ps 27 the lord is my light/ps 27 the lord is my light', 0, NULL, 1, 'songs/ps 27 the lord is my light/ps 27 the lord is my light'),
(482, 'Heritage Mass: Holy', 'Holy holy holy Lord, God of power and might', NULL, 0, NULL, 1, 'songs/heritage mass/holy', 0, NULL, 0, NULL, 0, NULL),
(483, 'Halle, Halle', 'Halle, halle, halle', 1, 1, 'songs/lead us to the water/halle halle', 1, 'songs/lead us to the water/halle halle', 1, 'songs/lead us to the water/halle halle', 0, NULL, 1, 'songs/lead us to the water/halle halle'),
(484, 'Pentecost Sequence', 'Come, Holy Spirit, come! And from your celestial h', NULL, 1, 'songs/lead us to the water/pentecost sequence', 1, 'songs/lead us to the water/pentecost sequence', 1, 'songs/lead us to the water/pentecost sequence', 0, NULL, 1, 'songs/lead us to the water/pentecost sequence'),
(485, 'We Are One Body', 'We are one body, one body in Christ', NULL, 1, 'songs/we are one body/we are one body', 0, NULL, 0, NULL, 0, NULL, 2, 'songs/we are one body/we are one body'),
(486, 'Không Thấy Mà Tin', 'Tôi không tin nếu tôi không thấy Thầy', NULL, 1, 'songs/khong thay ma tin/khong thay ma tin', 0, NULL, 0, NULL, 0, NULL, 0, NULL),
(487, 'Love Has Come', 'With one voice the angels sing songs that make cre', 1, 0, NULL, 1, 'songs/love has come/love has come', 1, 'songs/love has come/love has come', 0, NULL, 1, 'songs/love has come/love has come'),
(488, 'Hỡi Người Galilê', 'Sao còn đứng bỡ ngỡ nhin lên trời', NULL, 1, 'songs/hoi nguoi galile/hoi nguoi galile', 0, NULL, 0, NULL, 0, NULL, 0, NULL),
(489, 'Be With Us, Mary', 'Be with us, Mary, along the way. Guide us every st', 1, 0, NULL, 1, 'songs/be us us mary/be us us mary', 1, 'songs/be us us mary/be us us mary', 0, NULL, 1, 'songs/be us us mary/be us us mary'),
(490, 'Psalm 95: If Today', 'If today you hear the voice of God', NULL, 0, NULL, 1, 'songs/ps 95 if today.hurd/ps 95 if today.hurd', 0, NULL, 0, NULL, 1, 'songs/ps 95 if today.hurd/ps 95 if today.hurd'),
(491, 'When I Am Weak, Then I Am Strong', 'When I am weak, then I am strong to Jesus Christ', 1, 0, NULL, 1, 'songs/when i am weak then i am strong/when i am weak', 1, 'songs/when i am weak then i am strong/when i am weak', 0, NULL, 0, NULL),
(492, 'Canticle of the Turning', 'My soul cries out with joyful shout that the God', 2, 1, 'songs/canticle of the turning/canticle of the turning', 0, NULL, 0, NULL, 0, NULL, 1, 'songs/canticle of the turning/canticle of the turning'),
(493, 'Psalm 68: You Have Made a Home for the Poor', 'God in your goodness you have made a home', 2, 0, NULL, 0, NULL, 1, 'songs/ps 68 you have made a home for the poor/ps 68 you have made', 0, NULL, 0, NULL),
(494, 'Trong Trái Tim Chúa Yêu', 'Trong trái tim Chúa yêu muôn đời con xin được', NULL, 1, 'songs/trong trai tim chua yeu/trong trai tim chua yeu', 0, NULL, 0, NULL, 0, NULL, 1, 'songs/trong trai tim chua yeu/trong trai tim chua yeu'),
(495, 'Just Like You', 'Revive my heart, renew my soul. In you, O Lord', 1, 0, NULL, 1, 'songs/just like you/just like you', 0, NULL, 0, NULL, 1, 'songs/just like you/just like you'),
(496, 'Kinh Hòa Bình', 'Lạy Chúa từ nhân xin cho con biết', NULL, 1, 'songs/kinh hoa binh/kinh hoa binh', 0, NULL, 0, NULL, 0, NULL, 0, NULL);
INSERT INTO `SONGS` (`id`, `title`, `firstline`, `publisherid`, `vocalpages`, `vocalprefix`, `guitarpages`, `guitarprefix`, `pianopages`, `pianoprefix`, `solopages`, `soloprefix`, `mp3pages`, `mp3prefix`) VALUES
(497, 'Creation Litany', 'Praise and exult the Lord. Sing praise and exalt', NULL, 1, 'songs/creation litany/creation litany', 0, NULL, 0, NULL, 0, NULL, 0, NULL),
(498, 'Mass of Creation: Gloria', 'Gloria to God in the highest and peace', NULL, 0, NULL, 1, 'songs/mass of creation/gloria', 0, NULL, 0, NULL, 0, NULL),
(499, 'Linh Hồn Tôi 2', 'Linh hồn tôi tung hô Chúa tung hô Chúa', NULL, 1, 'songs/linh hon toi 2/linh hon toi', 0, NULL, 0, NULL, 0, NULL, 0, NULL),
(500, 'Chúa Đã Chiếm Đoạt Con', 'Ôi Đức Kitô, Chúa đã chiếm đoạt con rồi ', NULL, 1, 'songs/chua da chiem doat con/chua da chiem doat con', 0, NULL, 0, NULL, 0, NULL, 0, NULL),
(501, 'Tình Yêu Của Chúa', 'Tình Yêu của Chúa như tiếng mẹ ru', NULL, 1, 'songs/tinh yeu cua chua/tinh yeu cua chua', 0, NULL, 0, NULL, 0, NULL, 0, NULL),
(502, 'Mass of St. Timothy: Lamb of God', 'Lamb of God you take away the sins of the world', NULL, 0, NULL, 1, 'songs/mass of st. timothy/lamb', 0, NULL, 0, NULL, 0, NULL),
(503, 'Xin Vâng', 'Mẹ ơi đời con dõi bước theo Mẹ', NULL, 0, NULL, 1, 'songs/xin vang/xin vang', 0, NULL, 0, NULL, 0, NULL),
(504, 'Glory and Praise Forever', 'Glory and praise, Glory and praise,', 1, 0, NULL, 1, 'songs/daniel 3 glory and praise forever/daniel 3 glory and praise forever', 1, 'songs/daniel 3 glory and praise forever/daniel 3 glory and praise forever', 0, NULL, 0, NULL),
(505, 'Holy, Holy, Holy', 'Holy, Holy, Holy! Lord God Almighty', 1, 0, NULL, 1, 'songs/holy holy holy/holy holy holy', 0, NULL, 0, NULL, 1, 'songs/holy holy holy/holy holy holy'),
(506, 'Psalm 65: The Seed That Falls', 'The seed that falls on the good ground will bring ', 2, 0, NULL, 0, NULL, 1, 'songs/ps 65 the seed that falls/ps 65 the seed that falls', 0, NULL, 1, 'songs/ps 65 the seed that falls/ps 65 the seed that falls'),
(507, 'L''ajuda em vindra', 'l''ajuda em vindra del seynor', NULL, 1, 'songs/l''ajuda em vindra/l''ajuda em vindra', 0, NULL, 0, NULL, 0, NULL, 0, NULL),
(508, 'Holy Is His Name', 'My soul proclaims the greatness of the Lord', 1, 0, NULL, 1, 'songs/holy is his name/holy is his name', 0, NULL, 0, NULL, 1, 'songs/holy is his name/holy is his name'),
(509, 'Psalm 80: The Vineyard of the Lord', 'The Vineyard of the Lord is the house of Israel', 1, 0, NULL, 1, 'songs/ps 80 the vineyard of the lord/ps 80 the vineyard of the lord', 0, NULL, 0, NULL, 0, NULL),
(510, 'Forever', 'Give thanks to the Lord our God and King', 1, 0, NULL, 1, 'songs/forever/forever', 0, NULL, 0, NULL, 0, NULL),
(511, 'Psalm 116: The Name of God', 'I will take the cup of life, I will call God''s nam', 2, 1, 'songs/ps 116 the name of god/ps 116 the name of god', 0, NULL, 1, 'songs/ps 116 the name of god/ps 116 the name of god', 0, NULL, 1, 'songs/ps 116 the name of god/ps 116 the name of god'),
(512, 'Psalm 137: Let My Tongue Be Silenced', 'Let my tongue be silenced if ever I forget You.', 2, 1, 'songs/ps 137 let my tongue be silenced/ps 137 let my tongue be silenced', 0, NULL, 1, 'songs/ps 137 let my tongue be silenced/ps 137 let my tongue be silenced', 0, NULL, 1, 'songs/ps 137 let my tongue be silenced/ps 137 let my tongue be silenced'),
(513, 'Take Up Our Cross', 'Behold the wood that bears our name.', NULL, 0, NULL, 1, 'songs/take up our cross/take up our cross', 1, 'songs/take up our cross/take up our cross', 0, NULL, 0, NULL),
(514, 'Resurrection Day', 'It''s the weight of your glory brings the proud to ', 1, 1, 'songs/resurrection day/resurrection day', 1, 'songs/resurrection day/resurrection day', 1, 'songs/resurrection day/resurrection day', 4, 'songs/resurrection day/resurrection day', 0, NULL),
(515, 'Psalm 118: This Is The Day', 'This is the day! This is the day! This is the day!', 1, 0, NULL, 1, 'songs/ps 118 this is the day.fisher/ps 118 this is the day', 1, 'songs/ps 118 this is the day.fisher/ps 118 this is the day', 0, NULL, 0, NULL),
(516, 'Psalm 92 It Is Good to Give Thanks to You', 'It is good to give thanks to You, to give thanks', 1, 1, 'songs/ps 92 it is good to give thanks to you/ps 92 it is good to give thanks to you', 0, NULL, 0, NULL, 0, NULL, 0, NULL),
(517, 'Psalm 139 Before I Was Born', 'You made me, you formed me. You kept me alive long', 1, 1, 'songs/ps 139 before i was born/ps 139 before i was born', 0, NULL, 1, 'songs/ps 139 before i was born/ps 139 before i was born', 0, NULL, 0, NULL),
(518, 'Gathered In the Love of Christ', 'Gathered in the love of Christ, we are one', 2, 1, 'songs/gathered in the love of christ/gathered in the love of christ', 0, NULL, 1, 'songs/gathered in the love of christ/gathered in the love of christ', 2, 'songs/gathered in the love of christ/gathered in the love of christ', 0, NULL),
(519, 'In Remembrance', 'In remembrance of me eat this bread', 3, 2, 'songs/in remembrance/in remembrance', 0, NULL, 1, 'songs/in remembrance/in remembrance.sab', 0, NULL, 0, NULL),
(520, 'Hosanna to the Son of David', 'Hosanna to the Son of David', 1, 1, 'songs/hosanna to the son of david/hosanna to the son of david', 0, NULL, 0, NULL, 0, NULL, 0, NULL),
(521, 'Worthy Is the Lamb', 'Worthy is the Lamb that was slain', 1, 0, NULL, 1, 'songs/worthy is the lamb/worthy is the lamb', 0, NULL, 0, NULL, 0, NULL),
(522, 'Mighty King', 'You are the spirit bringing us light', 1, 0, NULL, 1, 'songs/mighty king/mighty king', 0, NULL, 0, NULL, 0, NULL),
(523, 'Rise Up With Him', 'People wait no more God has shown you', 1, 0, NULL, 1, 'songs/rise up with him/rise up with him', 0, NULL, 0, NULL, 0, NULL),
(524, 'Chúa Đã Lên Trời', 'Chúa đã lên trời núi đồi đưa mắt nhìn theo', NULL, 1, 'songs/chua da len troi/chua da len troi', 0, NULL, 0, NULL, 0, NULL, 0, NULL),
(525, 'Go Make A Difference', 'Go make a diff''rence. We can make a diff''rence', 1, 0, NULL, 1, 'songs/go make a difference//go make a difference', 0, NULL, 0, NULL, 0, NULL),
(526, 'They''ll Know We Are Christians', 'We are one in the Spirit, we are one in the Lord', 1, 1, 'songs/they''ll know we are christians/they''ll know we are christians', 1, 'songs/they''ll know we are christians/they''ll know we are christians', 0, NULL, 0, NULL, 0, NULL),
(527, 'Church On Fire', 'The Holy Spirit is here and His power is real', NULL, 0, NULL, 1, 'songs/church on fire/church on fire', 1, 'songs/church on fire/church on fire', 0, NULL, 0, NULL),
(528, 'Psalm 104: Lord, Send Out Your Spirit', 'O Lord send out your Spirit and renew the face of ', 1, 0, NULL, 1, 'songs/ps 104 lord send out your spirit/ps 104 lord send out your spirit', 0, NULL, 0, NULL, 0, NULL),
(529, 'We Bring Our Gifts to Your Altar', 'We Bring Our Gifts to Your Altar O Lord ', 2, 0, NULL, 1, 'songs/we bring our gifts to your altar/we bring our gifts to your altar', 0, NULL, 0, NULL, 1, 'songs/we bring our gifts to your altar/we bring our gifts to your altar'),
(530, 'Exodus 15: Song at the Sea', 'Let us sing to the Lord who is covered in wondrous', NULL, 0, NULL, 1, 'songs/ex 15 song at the sea/ex 15 song at the sea', 0, NULL, 0, NULL, 0, NULL),
(531, 'Psalm 90 : In Every Age', 'In every age, o Lord, you have been our refuge', 1, 0, NULL, 1, 'songs/ps 90 in every age/ps 90 in every age', 0, NULL, 0, NULL, 1, 'songs/ps 90 in every age/ps 90 in every age'),
(532, 'Psalm 146: Praise the Lord, O My Soul', 'Praise the Lord, O my soul.', 1, 0, NULL, 1, 'songs/ps 146 praise the lord o my soul/ps 146 praise the lord o my soul', 0, NULL, 0, NULL, 0, NULL),
(533, 'Follow Me', 'If you loose your life for the sake of my name', 3, 0, NULL, 1, 'songs/follow me/follow me', 0, NULL, 0, NULL, 1, 'songs/follow me/follow me'),
(534, 'Mass of Renewal', 'Kyrie', 1, 3, 'songs/mass of renewal.stephan//mass of renewal.stephan', 1, 'songs/mass of renewal.stephan//mass of renewal.stephan', 1, 'songs/mass of renewal.stephan//mass of renewal.stephan', 0, NULL, 0, NULL),
(535, 'Mass of St. Timothy: Kyrie', 'Kyrie eleison', 1, 0, NULL, 1, 'songs/mass of st. timothy/kyrie', 0, NULL, 0, NULL, 0, NULL);

/*!40101 SET CHARACTER_SET_CLIENT=@OLD_CHARACTER_SET_CLIENT */;
/*!40101 SET CHARACTER_SET_RESULTS=@OLD_CHARACTER_SET_RESULTS */;
/*!40101 SET COLLATION_CONNECTION=@OLD_COLLATION_CONNECTION */;
